2026/09/26 01:22:46.108, 345, 0, 72.81, 32
2026/09/26 01:22:47.119, 345, 0, 72.79, 31
2026/09/26 01:22:48.119, 1980, 0, 103.12, 32
2026/09/26 01:22:49.119, 1980, 0, 120.62, 33
2026/09/26 01:22:50.119, 1980, 0, 120.60, 33
2026/09/26 01:22:51.120, 1980, 0, 120.69, 33
2026/09/26 01:22:52.120, 1980, 58, 208.11, 36
2026/09/26 01:22:53.120, 1980, 100, 588.29, 43
2026/09/26 01:22:54.120, 1980, 100, 452.25, 44
2026/09/26 01:22:55.120, 1980, 100, 590.40, 46
2026/09/26 01:22:56.121, 1980, 100, 594.78, 46
2026/09/26 01:22:57.121, 1980, 100, 586.79, 47
2026/09/26 01:22:58.121, 1980, 100, 590.84, 48
2026/09/26 01:22:59.121, 1980, 100, 588.17, 49
2026/09/26 01:23:00.121, 1980, 100, 587.15, 49
2026/09/26 01:23:01.121, 1980, 100, 588.79, 49
2026/09/26 01:23:02.122, 1980, 97, 589.20, 49
2026/09/26 01:23:03.122, 1980, 100, 590.31, 51
2026/09/26 01:23:04.122, 1980, 100, 596.76, 51
2026/09/26 01:23:05.122, 1980, 100, 587.21, 51
2026/09/26 01:23:06.122, 1980, 100, 591.62, 51
2026/09/26 01:23:07.123, 1980, 100, 591.56, 51
2026/09/26 01:23:08.123, 1980, 100, 588.45, 52
2026/09/26 01:23:09.123, 1980, 100, 590.08, 53
2026/09/26 01:23:10.123, 1980, 100, 596.14, 53
2026/09/26 01:23:11.123, 1980, 100, 592.92, 52
2026/09/26 01:23:12.123, 1980, 100, 590.89, 52
2026/09/26 01:23:13.124, 1980, 98, 590.98, 53
2026/09/26 01:23:14.124, 1980, 100, 595.93, 54
2026/09/26 01:23:15.124, 1980, 100, 597.12, 54
2026/09/26 01:23:16.124, 1980, 100, 592.42, 53
2026/09/26 01:23:17.125, 1980, 100, 599.97, 54
2026/09/26 01:23:18.125, 1980, 100, 597.19, 54
2026/09/26 01:23:19.125, 1980, 100, 601.68, 55
2026/09/26 01:23:20.125, 1980, 98, 598.15, 55
2026/09/26 01:23:21.126, 1980, 100, 596.87, 54
2026/09/26 01:23:22.126, 1980, 100, 597.65, 55
2026/09/26 01:23:23.126, 1980, 100, 600.03, 55
2026/09/26 01:23:24.126, 1980, 100, 603.29, 56
2026/09/26 01:23:25.126, 1980, 100, 608.50, 56
2026/09/26 01:23:26.126, 1980, 100, 596.41, 55
2026/09/26 01:23:27.128, 1980, 100, 601.06, 55
2026/09/26 01:23:28.128, 1980, 100, 591.65, 56
2026/09/26 01:23:29.128, 1980, 100, 598.26, 56
2026/09/26 01:23:30.128, 1980, 100, 600.35, 56
2026/09/26 01:23:31.129, 1980, 96, 604.52, 55
2026/09/26 01:23:32.129, 1980, 100, 611.36, 56
2026/09/26 01:23:33.129, 1980, 100, 597.25, 57
2026/09/26 01:23:34.129, 1980, 6, 459.72, 47
2026/09/26 01:23:35.129, 1980, 6, 128.01, 44
2026/09/26 01:23:36.129, 1980, 0, 126.71, 43
2026/09/26 01:23:37.131, 1980, 0, 131.11, 42
2026/09/26 01:23:38.131, 1980, 0, 120.65, 41
2026/09/26 01:23:39.131, 1980, 0, 125.31, 41
2026/09/26 01:23:40.131, 1980, 0, 125.03, 40
2026/09/26 01:23:41.132, 1980, 0, 124.92, 40
2026/09/26 01:23:42.132, 1980, 9, 124.69, 40
2026/09/26 01:23:43.132, 1980, 0, 124.41, 39
2026/09/26 01:23:44.132, 1980, 41, 406.49, 48
2026/09/26 01:23:45.132, 1980, 100, 647.46, 52
2026/09/26 01:23:46.132, 1980, 100, 655.11, 54
2026/09/26 01:23:47.133, 1980, 100, 619.95, 56
2026/09/26 01:23:48.133, 1980, 100, 660.60, 56
2026/09/26 01:23:49.133, 1980, 100, 651.73, 57
2026/09/26 01:23:50.133, 1980, 100, 672.30, 58
2026/09/26 01:23:51.133, 1980, 100, 666.93, 58
2026/09/26 01:23:52.134, 1980, 100, 661.56, 58
2026/09/26 01:23:53.134, 1980, 100, 681.44, 59
2026/09/26 01:23:54.134, 1980, 100, 669.50, 58
2026/09/26 01:23:55.134, 1980, 100, 661.52, 58
2026/09/26 01:23:56.134, 1965, 100, 665.68, 58
2026/09/26 01:23:57.134, 1980, 100, 661.21, 58
2026/09/26 01:23:58.135, 1980, 100, 665.42, 61
2026/09/26 01:23:59.135, 1980, 100, 681.70, 61
2026/09/26 01:24:00.135, 1980, 100, 663.02, 59
2026/09/26 01:24:01.135, 1965, 100, 676.36, 61
2026/09/26 01:24:02.135, 1980, 100, 664.05, 61
2026/09/26 01:24:03.136, 1980, 100, 662.01, 61
2026/09/26 01:24:04.136, 1980, 100, 669.32, 61
2026/09/26 01:24:05.136, 1980, 100, 660.61, 61
2026/09/26 01:24:06.136, 1980, 100, 661.04, 61
2026/09/26 01:24:07.136, 1980, 100, 654.49, 62
2026/09/26 01:24:08.136, 1980, 100, 656.66, 61
2026/09/26 01:24:09.137, 1980, 100, 661.58, 60
2026/09/26 01:24:10.137, 1965, 100, 679.16, 62
2026/09/26 01:24:11.137, 1980, 96, 661.61, 61
2026/09/26 01:24:12.137, 1980, 100, 665.27, 62
2026/09/26 01:24:13.137, 1965, 100, 667.71, 61
2026/09/26 01:24:14.138, 1965, 100, 658.50, 61
2026/09/26 01:24:15.138, 1980, 100, 674.74, 61
2026/09/26 01:24:16.138, 1980, 100, 660.46, 61
2026/09/26 01:24:17.138, 1980, 100, 660.13, 63
2026/09/26 01:24:18.138, 1980, 100, 669.94, 63
2026/09/26 01:24:19.138, 1980, 100, 658.10, 62
2026/09/26 01:24:20.139, 1965, 100, 676.94, 64
2026/09/26 01:24:21.139, 1980, 100, 674.53, 63
2026/09/26 01:24:22.139, 1980, 100, 647.41, 63
2026/09/26 01:24:23.139, 1980, 100, 668.26, 63
2026/09/26 01:24:24.139, 1980, 100, 676.06, 63
2026/09/26 01:24:25.139, 1980, 100, 659.67, 63
2026/09/26 01:24:26.140, 1980, 100, 674.15, 63
2026/09/26 01:24:27.140, 1980, 100, 669.53, 63
2026/09/26 01:24:28.140, 1980, 100, 659.71, 62
2026/09/26 01:24:29.140, 1980, 100, 667.56, 62
2026/09/26 01:24:30.140, 1965, 100, 658.20, 62
2026/09/26 01:24:31.140, 1980, 100, 670.36, 64
2026/09/26 01:24:32.141, 1980, 100, 671.34, 64
2026/09/26 01:24:33.141, 1980, 100, 657.05, 64
2026/09/26 01:24:34.141, 1980, 100, 673.91, 64
2026/09/26 01:24:35.141, 1980, 100, 665.49, 64
2026/09/26 01:24:36.141, 1980, 100, 663.00, 64
2026/09/26 01:24:37.142, 1980, 100, 670.10, 64
2026/09/26 01:24:38.142, 1980, 100, 663.97, 64
2026/09/26 01:24:39.142, 1980, 98, 485.63, 57
2026/09/26 01:24:40.142, 1980, 0, 296.56, 50
2026/09/26 01:24:41.142, 1980, 0, 132.41, 48
2026/09/26 01:24:42.143, 1980, 1, 133.06, 47
2026/09/26 01:24:43.143, 1980, 0, 134.74, 46
2026/09/26 01:24:44.143, 1980, 0, 130.47, 45
2026/09/26 01:24:45.143, 1980, 0, 129.17, 45
2026/09/26 01:24:46.144, 1980, 8, 128.93, 44
2026/09/26 01:24:47.144, 1980, 1, 128.58, 44
2026/09/26 01:24:48.144, 1980, 15, 356.00, 50
2026/09/26 01:24:49.144, 1980, 100, 521.75, 53
2026/09/26 01:24:50.144, 1980, 100, 522.93, 53
2026/09/26 01:24:51.144, 1980, 100, 518.41, 52
2026/09/26 01:24:52.145, 1980, 9, 437.49, 48
2026/09/26 01:24:53.145, 1980, 100, 443.02, 52
2026/09/26 01:24:54.145, 1980, 100, 525.26, 53
2026/09/26 01:24:55.145, 1980, 100, 529.37, 54
2026/09/26 01:24:56.145, 1980, 100, 507.73, 54
2026/09/26 01:24:57.146, 1980, 100, 507.50, 54
2026/09/26 01:24:58.146, 1980, 100, 524.44, 53
2026/09/26 01:24:59.146, 1980, 100, 507.54, 53
2026/09/26 01:25:00.146, 1980, 100, 513.46, 53
2026/09/26 01:25:01.146, 1980, 100, 526.31, 53
2026/09/26 01:25:02.146, 1980, 100, 520.52, 54
2026/09/26 01:25:03.147, 1980, 100, 520.95, 54
2026/09/26 01:25:04.147, 1980, 100, 514.11, 54
2026/09/26 01:25:05.147, 1980, 100, 511.24, 53
2026/09/26 01:25:06.147, 1980, 100, 512.85, 53
2026/09/26 01:25:07.147, 1980, 100, 514.80, 53
2026/09/26 01:25:08.148, 1980, 100, 512.18, 53
2026/09/26 01:25:09.148, 1980, 100, 511.42, 54
2026/09/26 01:25:10.148, 1980, 100, 515.36, 54
2026/09/26 01:25:11.148, 1980, 100, 501.73, 54
2026/09/26 01:25:12.148, 1980, 100, 499.99, 53
2026/09/26 01:25:13.149, 1980, 100, 506.36, 53
2026/09/26 01:25:14.149, 1980, 96, 501.36, 53
2026/09/26 01:25:15.149, 1980, 100, 503.31, 53
2026/09/26 01:25:16.149, 1980, 100, 506.82, 54
2026/09/26 01:25:17.149, 1980, 100, 500.96, 54
2026/09/26 01:25:18.149, 1980, 100, 505.05, 54
2026/09/26 01:25:19.150, 1980, 100, 493.04, 53
2026/09/26 01:25:20.150, 1980, 100, 506.85, 53
2026/09/26 01:25:21.150, 1980, 100, 504.90, 53
2026/09/26 01:25:22.150, 1980, 100, 505.41, 53
2026/09/26 01:25:23.150, 1980, 100, 509.09, 54
2026/09/26 01:25:24.150, 1980, 100, 499.33, 54
2026/09/26 01:25:25.151, 1980, 100, 501.34, 54
2026/09/26 01:25:26.151, 1980, 100, 497.68, 53
2026/09/26 01:25:27.151, 1980, 97, 503.72, 53
2026/09/26 01:25:28.151, 1980, 100, 509.12, 53
2026/09/26 01:25:29.151, 1980, 100, 507.55, 53
2026/09/26 01:25:30.152, 1980, 100, 508.42, 54
2026/09/26 01:25:31.152, 1980, 100, 506.93, 54
2026/09/26 01:25:32.152, 1980, 100, 503.47, 54
2026/09/26 01:25:33.152, 1980, 100, 503.20, 53
2026/09/26 01:25:34.152, 1980, 100, 505.59, 53
2026/09/26 01:25:35.152, 1980, 100, 501.34, 53
2026/09/26 01:25:36.153, 1980, 100, 505.70, 53
2026/09/26 01:25:37.153, 1980, 100, 503.35, 54
2026/09/26 01:25:38.153, 1980, 100, 505.28, 54
2026/09/26 01:25:39.153, 1980, 100, 498.35, 54
2026/09/26 01:25:40.153, 1980, 100, 497.07, 53
2026/09/26 01:25:41.154, 1980, 100, 506.78, 53
2026/09/26 01:25:42.154, 1980, 100, 501.94, 53
2026/09/26 01:25:43.154, 1980, 100, 510.22, 53
2026/09/26 01:25:44.154, 1980, 100, 501.11, 54
2026/09/26 01:25:45.154, 1980, 100, 501.25, 54
2026/09/26 01:25:46.154, 1980, 100, 498.71, 53
2026/09/26 01:25:47.155, 1980, 100, 499.61, 53
2026/09/26 01:25:48.155, 1980, 100, 502.68, 53
2026/09/26 01:25:49.155, 1980, 100, 501.23, 53
2026/09/26 01:25:50.155, 1980, 100, 507.86, 53
2026/09/26 01:25:51.155, 1980, 100, 507.49, 54
2026/09/26 01:25:52.156, 1980, 100, 510.36, 54
2026/09/26 01:25:53.156, 1980, 100, 502.40, 53
2026/09/26 01:25:54.156, 1980, 100, 496.20, 53
2026/09/26 01:25:55.156, 1980, 100, 508.83, 53
2026/09/26 01:25:56.156, 1980, 100, 510.77, 53
2026/09/26 01:25:57.156, 1980, 100, 505.87, 53
2026/09/26 01:25:58.157, 1980, 100, 502.58, 54
2026/09/26 01:25:59.157, 1980, 100, 504.31, 54
2026/09/26 01:26:00.157, 1980, 100, 504.25, 53
2026/09/26 01:26:01.157, 1980, 100, 499.48, 53
2026/09/26 01:26:02.157, 1980, 100, 502.79, 53
2026/09/26 01:26:03.158, 1980, 100, 503.91, 53
2026/09/26 01:26:04.158, 1980, 100, 502.71, 53
2026/09/26 01:26:05.158, 1980, 100, 500.59, 54
2026/09/26 01:26:06.158, 1980, 100, 496.02, 54
2026/09/26 01:26:07.158, 1980, 100, 498.30, 53
2026/09/26 01:26:08.159, 1980, 100, 500.88, 53
2026/09/26 01:26:09.159, 1980, 100, 505.53, 53
2026/09/26 01:26:10.159, 1980, 95, 502.45, 53
2026/09/26 01:26:11.159, 1980, 100, 512.68, 54
2026/09/26 01:26:12.159, 1980, 100, 500.87, 54
2026/09/26 01:26:13.159, 1980, 100, 505.20, 54
2026/09/26 01:26:14.160, 1980, 100, 499.20, 53
2026/09/26 01:26:15.160, 1980, 100, 502.49, 53
2026/09/26 01:26:16.160, 1980, 100, 504.00, 53
2026/09/26 01:26:17.160, 1980, 100, 504.19, 53
2026/09/26 01:26:18.160, 1980, 100, 508.62, 54
2026/09/26 01:26:19.161, 1980, 100, 500.93, 54
2026/09/26 01:26:20.161, 1980, 100, 506.25, 54
2026/09/26 01:26:21.161, 1980, 100, 500.79, 53
2026/09/26 01:26:22.161, 1980, 100, 498.08, 53
2026/09/26 01:26:23.161, 1980, 100, 505.93, 53
2026/09/26 01:26:24.161, 1980, 100, 508.47, 53
2026/09/26 01:26:25.162, 1980, 100, 509.46, 54
2026/09/26 01:26:26.162, 1980, 100, 505.53, 54
2026/09/26 01:26:27.162, 1980, 100, 502.26, 54
2026/09/26 01:26:28.162, 1980, 100, 501.13, 53
2026/09/26 01:26:29.162, 1980, 100, 502.10, 53
2026/09/26 01:26:30.162, 1980, 100, 503.67, 53
2026/09/26 01:26:31.163, 1980, 100, 501.47, 53
2026/09/26 01:26:32.163, 1980, 100, 503.45, 54
2026/09/26 01:26:33.163, 1980, 100, 510.40, 54
2026/09/26 01:26:34.163, 1980, 100, 501.78, 53
2026/09/26 01:26:35.163, 1980, 100, 498.49, 53
2026/09/26 01:26:36.164, 1980, 100, 501.55, 53
2026/09/26 01:26:37.164, 1980, 100, 502.33, 53
2026/09/26 01:26:38.164, 1980, 100, 510.97, 53
2026/09/26 01:26:39.164, 1980, 100, 506.28, 54
2026/09/26 01:26:40.165, 1980, 100, 505.29, 54
2026/09/26 01:26:41.165, 1980, 100, 502.13, 53
2026/09/26 01:26:42.165, 1980, 100, 499.79, 53
2026/09/26 01:26:43.165, 1980, 100, 503.09, 53
2026/09/26 01:26:44.165, 1980, 100, 504.98, 53
2026/09/26 01:26:45.165, 1980, 100, 506.93, 53
2026/09/26 01:26:46.166, 1980, 100, 511.22, 54
2026/09/26 01:26:47.166, 1980, 100, 509.57, 54
2026/09/26 01:26:48.166, 1980, 100, 501.32, 53
2026/09/26 01:26:49.166, 1980, 100, 495.27, 53
2026/09/26 01:26:50.166, 1980, 100, 508.77, 53
2026/09/26 01:26:51.167, 1980, 100, 510.89, 53
2026/09/26 01:26:52.167, 1980, 100, 517.61, 54
2026/09/26 01:26:53.167, 1980, 100, 509.67, 54
2026/09/26 01:26:54.167, 1980, 100, 505.80, 54
2026/09/26 01:26:55.167, 1980, 100, 499.88, 53
2026/09/26 01:26:56.167, 1980, 100, 502.19, 53
2026/09/26 01:26:57.168, 1980, 100, 509.70, 53
2026/09/26 01:26:58.168, 1980, 3, 322.01, 46
2026/09/26 01:26:59.168, 1980, 5, 128.16, 44
2026/09/26 01:27:00.168, 1980, 0, 127.61, 44
2026/09/26 01:27:01.168, 1980, 0, 133.51, 43
2026/09/26 01:27:02.169, 1980, 0, 127.87, 42
2026/09/26 01:27:03.169, 1980, 0, 126.00, 42
2026/09/26 01:27:04.169, 1980, 0, 125.78, 42
2026/09/26 01:27:05.169, 1980, 0, 125.61, 41
2026/09/26 01:27:06.169, 1980, 0, 125.46, 41
2026/09/26 01:27:07.170, 1980, 16, 163.39, 42
2026/09/26 01:27:08.170, 1980, 100, 479.34, 48
2026/09/26 01:27:09.170, 1980, 100, 441.37, 48
2026/09/26 01:27:10.170, 1980, 95, 488.45, 48
2026/09/26 01:27:11.170, 1980, 100, 477.74, 49
2026/09/26 01:27:12.171, 1980, 100, 503.12, 50
2026/09/26 01:27:13.171, 1980, 100, 492.21, 49
2026/09/26 01:27:14.171, 1980, 100, 493.00, 50
2026/09/26 01:27:15.171, 1980, 100, 492.75, 50
2026/09/26 01:27:16.171, 1980, 100, 487.39, 50
2026/09/26 01:27:17.172, 1980, 100, 497.55, 50
2026/09/26 01:27:18.172, 1980, 100, 491.49, 51
2026/09/26 01:27:19.172, 1980, 100, 485.91, 50
2026/09/26 01:27:20.172, 1980, 100, 497.87, 50
2026/09/26 01:27:21.172, 1980, 100, 494.25, 51
2026/09/26 01:27:22.172, 1980, 100, 489.54, 51
2026/09/26 01:27:23.173, 1980, 100, 501.15, 51
2026/09/26 01:27:24.173, 1980, 100, 497.57, 51
2026/09/26 01:27:25.173, 1980, 100, 485.80, 51
2026/09/26 01:27:26.173, 1980, 100, 501.39, 51
2026/09/26 01:27:27.173, 1980, 100, 494.43, 51
2026/09/26 01:27:28.173, 1980, 100, 498.30, 52
2026/09/26 01:27:29.174, 1980, 100, 495.12, 51
2026/09/26 01:27:30.174, 1980, 100, 482.09, 51
2026/09/26 01:27:31.174, 1980, 100, 502.71, 51
2026/09/26 01:27:32.174, 1980, 100, 496.84, 51
2026/09/26 01:27:33.174, 1980, 100, 492.68, 51
2026/09/26 01:27:34.175, 1980, 100, 502.96, 52
2026/09/26 01:27:35.175, 1980, 100, 501.27, 52
2026/09/26 01:27:36.175, 1980, 100, 493.00, 51
2026/09/26 01:27:37.175, 1980, 100, 508.17, 51
2026/09/26 01:27:38.175, 1980, 100, 498.75, 52
2026/09/26 01:27:39.175, 1980, 100, 489.52, 52
2026/09/26 01:27:40.176, 1980, 100, 497.99, 52
2026/09/26 01:27:41.176, 1980, 100, 497.38, 52
2026/09/26 01:27:42.176, 1980, 100, 492.57, 52
2026/09/26 01:27:43.176, 1980, 100, 497.62, 52
2026/09/26 01:27:44.176, 1980, 100, 497.58, 52
2026/09/26 01:27:45.177, 1980, 100, 502.22, 52
2026/09/26 01:27:46.177, 1980, 100, 497.84, 52
2026/09/26 01:27:47.177, 1980, 100, 494.75, 53
2026/09/26 01:27:48.177, 1980, 100, 496.88, 53
2026/09/26 01:27:49.177, 1980, 100, 496.06, 52
2026/09/26 01:27:50.177, 1980, 100, 494.36, 52
2026/09/26 01:27:51.178, 1980, 100, 499.79, 52
2026/09/26 01:27:52.178, 1980, 100, 494.71, 53
2026/09/26 01:27:53.178, 1980, 100, 492.57, 52
2026/09/26 01:27:54.178, 1980, 100, 503.03, 53
2026/09/26 01:27:55.178, 1980, 100, 499.20, 52
2026/09/26 01:27:56.179, 1980, 100, 490.99, 52
2026/09/26 01:27:57.179, 1980, 100, 504.98, 53
2026/09/26 01:27:58.179, 1980, 100, 497.26, 52
2026/09/26 01:27:59.179, 1980, 100, 491.42, 53
2026/09/26 01:28:00.179, 1980, 100, 500.54, 53
2026/09/26 01:28:01.179, 1980, 100, 497.57, 52
2026/09/26 01:28:02.180, 1980, 100, 505.22, 53
2026/09/26 01:28:03.180, 1980, 100, 499.72, 53
2026/09/26 01:28:04.180, 1980, 100, 490.27, 52
2026/09/26 01:28:05.180, 1980, 100, 506.25, 53
2026/09/26 01:28:06.180, 1980, 100, 500.54, 53
2026/09/26 01:28:07.180, 1980, 100, 494.90, 52
2026/09/26 01:28:08.181, 1980, 100, 501.79, 52
2026/09/26 01:28:09.181, 1980, 100, 498.90, 52
2026/09/26 01:28:10.181, 1980, 100, 489.97, 52
2026/09/26 01:28:11.181, 1980, 100, 503.18, 52
2026/09/26 01:28:12.181, 1980, 100, 492.12, 52
2026/09/26 01:28:13.182, 1980, 100, 486.94, 53
2026/09/26 01:28:14.182, 1980, 100, 491.07, 52
2026/09/26 01:28:15.182, 1980, 100, 493.32, 53
2026/09/26 01:28:16.182, 1980, 100, 499.95, 53
2026/09/26 01:28:17.183, 1980, 100, 499.45, 53
2026/09/26 01:28:18.183, 1980, 100, 496.73, 53
2026/09/26 01:28:19.183, 1980, 100, 498.65, 52
2026/09/26 01:28:20.183, 1980, 100, 499.43, 52
2026/09/26 01:28:21.183, 1980, 100, 497.95, 52
2026/09/26 01:28:22.183, 1980, 100, 503.95, 53
2026/09/26 01:28:23.184, 1980, 100, 501.22, 53
2026/09/26 01:28:24.184, 1980, 100, 490.04, 52
2026/09/26 01:28:25.184, 1980, 100, 505.11, 52
2026/09/26 01:28:26.184, 1980, 100, 499.37, 52
2026/09/26 01:28:27.184, 1980, 100, 497.17, 52
2026/09/26 01:28:28.184, 1980, 100, 503.55, 53
2026/09/26 01:28:29.185, 1980, 100, 497.59, 52
2026/09/26 01:28:30.185, 1980, 100, 508.16, 54
2026/09/26 01:28:31.185, 1980, 100, 499.25, 52
2026/09/26 01:28:32.185, 1980, 100, 496.72, 52
2026/09/26 01:28:33.185, 1980, 100, 495.08, 53
2026/09/26 01:28:34.186, 1980, 100, 496.38, 53
2026/09/26 01:28:35.186, 1980, 100, 493.23, 52
2026/09/26 01:28:36.186, 1980, 100, 504.24, 53
2026/09/26 01:28:37.186, 1980, 100, 492.37, 52
2026/09/26 01:28:38.186, 1980, 100, 491.30, 52
2026/09/26 01:28:39.186, 1980, 100, 502.68, 53
2026/09/26 01:28:40.187, 1980, 100, 498.65, 53
2026/09/26 01:28:41.187, 1980, 100, 497.09, 52
2026/09/26 01:28:42.187, 1980, 100, 509.50, 53
2026/09/26 01:28:43.187, 1980, 100, 496.52, 53
2026/09/26 01:28:44.187, 1980, 100, 494.51, 53
2026/09/26 01:28:45.188, 1980, 100, 500.71, 53
2026/09/26 01:28:46.188, 1980, 100, 498.28, 53
2026/09/26 01:28:47.188, 1980, 100, 504.39, 53
2026/09/26 01:28:48.188, 1980, 100, 499.32, 53
2026/09/26 01:28:49.188, 1980, 100, 495.67, 53
2026/09/26 01:28:50.189, 1980, 100, 505.12, 52
2026/09/26 01:28:51.189, 1980, 100, 500.04, 53
2026/09/26 01:28:52.189, 1980, 100, 496.62, 53
2026/09/26 01:28:53.189, 1980, 100, 508.30, 53
2026/09/26 01:28:54.189, 1980, 100, 500.02, 52
2026/09/26 01:28:55.189, 1980, 100, 492.15, 52
2026/09/26 01:28:56.190, 1980, 100, 503.09, 52
2026/09/26 01:28:57.190, 1980, 100, 491.27, 52
2026/09/26 01:28:58.190, 1980, 100, 492.75, 53
2026/09/26 01:28:59.190, 1980, 100, 495.62, 53
2026/09/26 01:29:00.190, 1980, 100, 496.34, 52
2026/09/26 01:29:01.190, 1980, 100, 503.39, 53
2026/09/26 01:29:02.191, 1980, 100, 500.50, 53
2026/09/26 01:29:03.191, 1980, 100, 492.66, 52
2026/09/26 01:29:04.191, 1980, 100, 505.90, 53
2026/09/26 01:29:05.191, 1980, 100, 498.26, 53
2026/09/26 01:29:06.191, 1980, 100, 495.99, 52
2026/09/26 01:29:07.191, 1980, 100, 505.87, 53
2026/09/26 01:29:08.192, 1980, 100, 498.38, 53
2026/09/26 01:29:09.192, 1980, 100, 494.73, 52
2026/09/26 01:29:10.192, 1980, 100, 501.04, 53
2026/09/26 01:29:11.192, 1980, 100, 496.17, 53
2026/09/26 01:29:12.192, 1980, 100, 500.29, 54
2026/09/26 01:29:13.193, 1980, 100, 498.64, 53
2026/09/26 01:29:14.193, 1980, 100, 499.22, 53
2026/09/26 01:29:15.193, 1980, 100, 500.80, 53
2026/09/26 01:29:16.193, 1980, 100, 498.39, 53
2026/09/26 01:29:17.193, 1980, 100, 491.19, 53
2026/09/26 01:29:18.193, 1980, 100, 499.94, 54
2026/09/26 01:29:19.194, 1980, 100, 494.74, 52
2026/09/26 01:29:20.194, 1980, 100, 490.94, 53
2026/09/26 01:29:21.194, 1980, 100, 496.05, 53
2026/09/26 01:29:22.194, 1980, 100, 493.58, 53
2026/09/26 01:29:23.194, 1980, 100, 485.60, 53
2026/09/26 01:29:24.194, 1980, 100, 508.49, 52
2026/09/26 01:29:25.195, 1980, 100, 497.91, 52
2026/09/26 01:29:26.195, 1980, 100, 498.41, 53
2026/09/26 01:29:27.195, 1980, 100, 498.58, 53
2026/09/26 01:29:28.195, 1980, 100, 492.66, 52
2026/09/26 01:29:29.195, 1980, 100, 502.70, 53
2026/09/26 01:29:30.195, 1980, 100, 497.05, 52
2026/09/26 01:29:31.196, 1980, 100, 494.71, 52
2026/09/26 01:29:32.196, 1980, 100, 509.94, 53
2026/09/26 01:29:33.196, 1980, 100, 498.15, 53
2026/09/26 01:29:34.196, 1980, 100, 495.03, 52
2026/09/26 01:29:35.196, 1980, 100, 501.71, 52
2026/09/26 01:29:36.196, 1980, 100, 498.04, 53
2026/09/26 01:29:37.197, 1980, 100, 491.87, 52
2026/09/26 01:29:38.197, 1980, 100, 501.44, 53
2026/09/26 01:29:39.197, 1980, 100, 498.66, 52
2026/09/26 01:29:40.197, 1980, 100, 496.80, 54
2026/09/26 01:29:41.197, 1980, 100, 495.02, 52
2026/09/26 01:29:42.198, 1980, 100, 492.54, 52
2026/09/26 01:29:43.198, 1980, 100, 499.15, 53
2026/09/26 01:29:44.198, 1980, 100, 495.46, 53
2026/09/26 01:29:45.198, 1980, 100, 495.48, 52
2026/09/26 01:29:46.198, 1980, 100, 502.44, 53
2026/09/26 01:29:47.198, 1980, 100, 501.84, 52
2026/09/26 01:29:48.199, 1980, 100, 489.54, 52
2026/09/26 01:29:49.199, 1980, 100, 501.65, 53
2026/09/26 01:29:50.199, 1980, 100, 497.64, 53
2026/09/26 01:29:51.199, 1980, 100, 495.97, 53
2026/09/26 01:29:52.199, 1980, 100, 506.44, 53
2026/09/26 01:29:53.199, 1980, 100, 498.20, 53
2026/09/26 01:29:54.200, 1980, 100, 499.01, 53
2026/09/26 01:29:55.200, 1980, 100, 502.22, 53
2026/09/26 01:29:56.200, 1980, 100, 496.74, 53
2026/09/26 01:29:57.200, 1980, 100, 504.44, 54
2026/09/26 01:29:58.200, 1980, 100, 500.93, 53
2026/09/26 01:29:59.201, 1980, 100, 501.26, 52
2026/09/26 01:30:00.201, 1980, 100, 503.98, 53
2026/09/26 01:30:01.201, 1980, 100, 497.85, 53
2026/09/26 01:30:02.201, 1980, 100, 488.21, 52
2026/09/26 01:30:03.201, 1980, 100, 500.89, 53
2026/09/26 01:30:04.201, 1980, 100, 494.87, 53
2026/09/26 01:30:05.202, 1980, 100, 493.02, 52
2026/09/26 01:30:06.202, 1980, 100, 504.86, 52
2026/09/26 01:30:07.202, 1980, 94, 494.99, 52
2026/09/26 01:30:08.203, 1980, 100, 485.51, 52
2026/09/26 01:30:09.203, 1980, 100, 510.56, 53
2026/09/26 01:30:10.203, 1980, 100, 498.76, 52
2026/09/26 01:30:11.203, 1980, 100, 500.99, 53
2026/09/26 01:30:12.204, 1980, 100, 497.13, 52
2026/09/26 01:30:13.204, 1980, 100, 490.39, 52
2026/09/26 01:30:14.204, 1980, 100, 497.08, 53
2026/09/26 01:30:15.204, 1980, 100, 496.32, 53
2026/09/26 01:30:16.204, 1980, 100, 496.77, 52
2026/09/26 01:30:17.204, 1980, 100, 501.88, 52
2026/09/26 01:30:18.205, 1980, 100, 498.53, 53
2026/09/26 01:30:19.205, 1980, 100, 497.46, 52
2026/09/26 01:30:20.205, 1980, 100, 507.00, 53
2026/09/26 01:30:21.205, 1980, 100, 500.39, 53
2026/09/26 01:30:22.205, 1980, 100, 484.96, 53
2026/09/26 01:30:23.206, 1980, 100, 500.96, 52
2026/09/26 01:30:24.206, 1980, 100, 497.90, 53
2026/09/26 01:30:25.206, 1980, 100, 496.80, 53
2026/09/26 01:30:26.206, 1980, 100, 498.23, 53
2026/09/26 01:30:27.206, 1980, 100, 489.12, 53
2026/09/26 01:30:28.207, 1980, 100, 502.67, 53
2026/09/26 01:30:29.207, 1980, 100, 495.55, 53
2026/09/26 01:30:30.207, 1980, 100, 495.35, 53
2026/09/26 01:30:31.207, 1980, 100, 509.95, 53
2026/09/26 01:30:32.207, 1980, 100, 499.92, 53
2026/09/26 01:30:33.207, 1980, 100, 487.49, 52
2026/09/26 01:30:34.208, 1980, 100, 506.29, 54
2026/09/26 01:30:35.208, 1980, 100, 500.48, 53
2026/09/26 01:30:36.208, 1980, 100, 495.18, 52
2026/09/26 01:30:37.208, 1980, 100, 506.23, 53
2026/09/26 01:30:38.209, 1980, 100, 495.05, 53
2026/09/26 01:30:39.209, 1980, 100, 504.32, 54
2026/09/26 01:30:40.209, 1980, 100, 499.32, 54
2026/09/26 01:30:41.209, 1980, 100, 498.94, 53
2026/09/26 01:30:42.209, 1980, 100, 502.25, 53
2026/09/26 01:30:43.210, 1980, 100, 499.91, 53
2026/09/26 01:30:44.210, 1980, 100, 497.70, 53
2026/09/26 01:30:45.210, 1980, 100, 508.27, 53
2026/09/26 01:30:46.210, 1980, 100, 500.01, 53
2026/09/26 01:30:47.210, 1980, 100, 484.02, 52
2026/09/26 01:30:48.211, 1980, 100, 503.62, 52
2026/09/26 01:30:49.211, 1980, 100, 494.71, 53
2026/09/26 01:30:50.211, 1980, 100, 492.56, 52
2026/09/26 01:30:51.211, 1980, 100, 505.66, 53
2026/09/26 01:30:52.211, 1980, 100, 493.53, 53
2026/09/26 01:30:53.211, 1980, 100, 485.59, 53
2026/09/26 01:30:54.212, 1980, 100, 507.17, 52
2026/09/26 01:30:55.213, 1980, 100, 497.42, 53
2026/09/26 01:30:56.213, 1980, 100, 501.15, 53
2026/09/26 01:30:57.213, 1980, 100, 501.60, 53
2026/09/26 01:30:58.213, 1980, 100, 495.44, 53
2026/09/26 01:30:59.214, 1980, 100, 504.77, 53
2026/09/26 01:31:00.214, 1980, 100, 497.91, 52
2026/09/26 01:31:01.214, 1980, 100, 498.60, 53
2026/09/26 01:31:02.214, 1980, 100, 507.19, 53
2026/09/26 01:31:03.214, 1980, 100, 502.06, 53
2026/09/26 01:31:04.214, 1980, 100, 494.14, 52
2026/09/26 01:31:05.215, 1980, 100, 507.34, 53
2026/09/26 01:31:06.215, 1980, 100, 498.56, 52
2026/09/26 01:31:07.215, 1980, 100, 485.72, 52
2026/09/26 01:31:08.215, 1980, 100, 505.28, 53
2026/09/26 01:31:09.215, 1980, 100, 499.87, 52
2026/09/26 01:31:10.215, 1980, 100, 500.43, 54
2026/09/26 01:31:11.216, 1980, 100, 498.23, 53
2026/09/26 01:31:12.216, 1980, 100, 492.70, 52
2026/09/26 01:31:13.216, 1980, 100, 501.10, 53
2026/09/26 01:31:14.216, 1980, 100, 495.52, 53
2026/09/26 01:31:15.216, 1980, 100, 497.36, 52
2026/09/26 01:31:16.217, 1980, 100, 506.30, 53
2026/09/26 01:31:17.217, 1980, 100, 498.79, 54
2026/09/26 01:31:18.217, 1980, 100, 487.80, 52
2026/09/26 01:31:19.217, 1980, 100, 504.49, 53
2026/09/26 01:31:20.217, 1980, 100, 499.26, 53
2026/09/26 01:31:21.217, 1980, 100, 491.44, 52
2026/09/26 01:31:22.218, 1980, 100, 509.83, 53
2026/09/26 01:31:23.218, 1980, 100, 496.81, 53
2026/09/26 01:31:24.218, 1980, 100, 505.41, 54
2026/09/26 01:31:25.218, 1980, 100, 499.38, 53
2026/09/26 01:31:26.218, 1980, 100, 498.45, 53
2026/09/26 01:31:27.219, 1980, 100, 493.37, 53
2026/09/26 01:31:28.219, 1980, 100, 495.57, 53
2026/09/26 01:31:29.219, 1980, 100, 495.96, 53
2026/09/26 01:31:30.219, 1980, 100, 504.21, 53
2026/09/26 01:31:31.219, 1980, 100, 499.04, 53
2026/09/26 01:31:32.219, 1980, 100, 488.31, 53
2026/09/26 01:31:33.220, 1980, 100, 503.79, 53
2026/09/26 01:31:34.220, 1980, 100, 497.85, 53
2026/09/26 01:31:35.220, 1980, 100, 491.10, 52
2026/09/26 01:31:36.220, 1980, 100, 508.27, 53
2026/09/26 01:31:37.220, 1980, 100, 492.96, 52
2026/09/26 01:31:38.221, 1980, 100, 500.55, 52
2026/09/26 01:31:39.221, 1980, 100, 503.07, 53
2026/09/26 01:31:40.221, 1980, 100, 497.91, 52
2026/09/26 01:31:41.221, 1980, 100, 504.42, 54
2026/09/26 01:31:42.221, 1980, 100, 498.80, 52
2026/09/26 01:31:43.221, 1980, 100, 493.88, 53
2026/09/26 01:31:44.222, 1980, 100, 508.68, 53
2026/09/26 01:31:45.222, 1980, 100, 499.35, 53
2026/09/26 01:31:46.222, 1980, 100, 498.67, 52
2026/09/26 01:31:47.222, 1980, 100, 503.82, 53
2026/09/26 01:31:48.222, 1980, 100, 501.60, 52
2026/09/26 01:31:49.223, 1980, 100, 495.59, 52
2026/09/26 01:31:50.223, 1980, 100, 506.40, 53
2026/09/26 01:31:51.223, 1980, 100, 500.21, 53
2026/09/26 01:31:52.223, 1980, 100, 488.16, 53
2026/09/26 01:31:53.223, 1980, 100, 501.47, 53
2026/09/26 01:31:54.223, 1980, 100, 498.37, 53
2026/09/26 01:31:55.224, 1980, 100, 496.86, 53
2026/09/26 01:31:56.224, 1980, 100, 495.62, 53
2026/09/26 01:31:57.224, 1980, 100, 493.16, 52
2026/09/26 01:31:58.224, 1980, 100, 500.15, 54
2026/09/26 01:31:59.224, 1980, 100, 496.58, 52
2026/09/26 01:32:00.225, 1980, 100, 490.89, 53
2026/09/26 01:32:01.225, 1980, 100, 502.47, 53
2026/09/26 01:32:02.225, 1980, 100, 500.20, 54
2026/09/26 01:32:03.225, 1980, 100, 486.42, 53
2026/09/26 01:32:04.225, 1980, 100, 503.69, 53
2026/09/26 01:32:05.225, 1980, 100, 499.12, 53
2026/09/26 01:32:06.226, 1980, 100, 493.95, 53
2026/09/26 01:32:07.226, 1980, 100, 513.15, 53
2026/09/26 01:32:08.226, 1980, 100, 495.27, 52
2026/09/26 01:32:09.226, 1980, 100, 498.79, 53
2026/09/26 01:32:10.226, 1980, 100, 502.25, 53
2026/09/26 01:32:11.226, 1980, 100, 494.77, 52
2026/09/26 01:32:12.227, 1980, 100, 501.14, 53
2026/09/26 01:32:13.227, 1980, 100, 496.93, 53
2026/09/26 01:32:14.227, 1980, 100, 493.27, 52
2026/09/26 01:32:15.227, 1980, 100, 501.15, 53
2026/09/26 01:32:16.227, 1980, 100, 496.46, 53
2026/09/26 01:32:17.228, 1980, 100, 485.39, 52
2026/09/26 01:32:18.228, 1980, 100, 505.57, 53
2026/09/26 01:32:19.228, 1980, 100, 497.66, 53
2026/09/26 01:32:20.228, 1980, 100, 487.67, 52
2026/09/26 01:32:21.228, 1980, 100, 504.23, 53
2026/09/26 01:32:22.228, 1980, 100, 497.13, 53
2026/09/26 01:32:23.229, 1980, 100, 495.89, 53
2026/09/26 01:32:24.229, 1980, 100, 498.22, 53
2026/09/26 01:32:25.229, 1980, 100, 498.55, 53
2026/09/26 01:32:26.229, 1980, 100, 501.13, 54
2026/09/26 01:32:27.229, 1980, 100, 498.93, 53
2026/09/26 01:32:28.230, 1980, 100, 492.88, 53
2026/09/26 01:32:29.230, 1980, 100, 497.97, 53
2026/09/26 01:32:30.230, 1980, 100, 498.29, 53
2026/09/26 01:32:31.230, 1980, 100, 493.53, 53
2026/09/26 01:32:32.230, 1980, 100, 497.04, 53
2026/09/26 01:32:33.231, 1980, 100, 498.16, 53
2026/09/26 01:32:34.231, 1980, 100, 490.70, 53
2026/09/26 01:32:35.231, 1980, 100, 502.31, 53
2026/09/26 01:32:36.231, 1980, 100, 496.50, 53
2026/09/26 01:32:37.231, 1980, 100, 498.94, 53
2026/09/26 01:32:38.231, 1980, 100, 496.57, 53
2026/09/26 01:32:39.232, 1980, 100, 497.79, 52
2026/09/26 01:32:40.232, 1980, 100, 495.60, 53
2026/09/26 01:32:41.232, 1980, 100, 494.36, 52
2026/09/26 01:32:42.232, 1980, 100, 488.40, 52
2026/09/26 01:32:43.232, 1980, 100, 500.77, 53
2026/09/26 01:32:44.233, 1980, 100, 493.70, 53
2026/09/26 01:32:45.233, 1980, 100, 491.86, 52
2026/09/26 01:32:46.233, 1980, 100, 503.19, 52
2026/09/26 01:32:47.233, 1980, 100, 497.16, 52
2026/09/26 01:32:48.233, 1980, 100, 486.56, 52
2026/09/26 01:32:49.233, 1980, 100, 504.38, 53
2026/09/26 01:32:50.234, 1980, 100, 497.98, 52
2026/09/26 01:32:51.234, 1980, 100, 502.25, 54
2026/09/26 01:32:52.234, 1980, 100, 498.83, 52
2026/09/26 01:32:53.234, 1980, 100, 491.67, 52
2026/09/26 01:32:54.234, 1980, 100, 499.41, 53
2026/09/26 01:32:55.234, 1980, 100, 496.60, 53
2026/09/26 01:32:56.235, 1980, 100, 496.63, 52
2026/09/26 01:32:57.235, 1980, 100, 505.35, 53
2026/09/26 01:32:58.235, 1980, 100, 496.26, 52
2026/09/26 01:32:59.235, 1980, 100, 494.46, 52
2026/09/26 01:33:00.235, 1980, 100, 504.19, 53
2026/09/26 01:33:01.236, 1980, 100, 501.18, 53
2026/09/26 01:33:02.236, 1980, 100, 483.53, 52
2026/09/26 01:33:03.236, 1980, 100, 503.58, 53
2026/09/26 01:33:04.236, 1980, 100, 495.61, 53
2026/09/26 01:33:05.236, 1980, 100, 499.30, 54
2026/09/26 01:33:06.236, 1980, 100, 492.51, 53
2026/09/26 01:33:07.237, 1980, 100, 491.90, 53
2026/09/26 01:33:08.237, 1980, 100, 496.91, 54
2026/09/26 01:33:09.237, 1980, 100, 498.96, 53
2026/09/26 01:33:10.237, 1980, 100, 497.32, 52
2026/09/26 01:33:11.237, 1980, 100, 504.78, 53
2026/09/26 01:33:12.238, 1980, 100, 498.24, 53
2026/09/26 01:33:13.238, 1980, 100, 490.53, 52
2026/09/26 01:33:14.238, 1980, 100, 502.47, 54
2026/09/26 01:33:15.238, 1980, 100, 500.34, 53
2026/09/26 01:33:16.238, 1980, 100, 490.96, 52
2026/09/26 01:33:17.239, 1980, 100, 504.06, 53
2026/09/26 01:33:18.239, 1980, 100, 494.73, 53
2026/09/26 01:33:19.239, 1980, 100, 498.54, 52
2026/09/26 01:33:20.239, 1980, 100, 502.54, 53
2026/09/26 01:33:21.239, 1980, 100, 497.94, 53
2026/09/26 01:33:22.239, 1980, 100, 495.00, 53
2026/09/26 01:33:23.240, 1980, 100, 496.39, 53
2026/09/26 01:33:24.240, 1980, 100, 494.77, 52
2026/09/26 01:33:25.240, 1980, 100, 496.76, 53
2026/09/26 01:33:26.240, 1980, 100, 493.19, 53
2026/09/26 01:33:27.240, 1980, 100, 483.26, 52
2026/09/26 01:33:28.241, 1980, 100, 498.95, 52
2026/09/26 01:33:29.241, 1980, 95, 489.97, 52
2026/09/26 01:33:30.241, 1980, 100, 491.83, 52
2026/09/26 01:33:31.241, 1980, 100, 510.19, 53
2026/09/26 01:33:32.241, 1980, 100, 499.22, 53
2026/09/26 01:33:33.242, 1980, 100, 483.45, 53
2026/09/26 01:33:34.242, 1980, 100, 501.65, 52
2026/09/26 01:33:35.242, 1980, 100, 496.98, 53
2026/09/26 01:33:36.242, 1980, 100, 500.58, 53
2026/09/26 01:33:37.242, 1980, 100, 498.60, 53
2026/09/26 01:33:38.242, 1980, 100, 494.79, 53
2026/09/26 01:33:39.243, 1980, 100, 501.56, 53
2026/09/26 01:33:40.243, 1980, 100, 499.19, 53
2026/09/26 01:33:41.243, 1980, 100, 492.15, 53
2026/09/26 01:33:42.243, 1980, 100, 503.40, 53
2026/09/26 01:33:43.243, 1980, 100, 497.91, 53
2026/09/26 01:33:44.244, 1980, 100, 493.52, 52
2026/09/26 01:33:45.244, 1980, 100, 504.92, 53
2026/09/26 01:33:46.244, 1980, 100, 496.99, 52
2026/09/26 01:33:47.244, 1980, 100, 482.22, 52
2026/09/26 01:33:48.244, 1980, 100, 502.72, 53
2026/09/26 01:33:49.244, 1980, 100, 493.76, 52
2026/09/26 01:33:50.245, 1980, 100, 491.28, 54
2026/09/26 01:33:51.245, 1980, 100, 495.47, 53
2026/09/26 01:33:52.245, 1980, 100, 488.28, 53
2026/09/26 01:33:53.245, 1980, 100, 503.27, 53
2026/09/26 01:33:54.245, 1980, 100, 499.53, 53
2026/09/26 01:33:55.245, 1980, 100, 496.29, 53
2026/09/26 01:33:56.246, 1980, 100, 496.89, 54
2026/09/26 01:33:57.246, 1980, 100, 495.92, 54
2026/09/26 01:33:58.246, 1980, 100, 498.45, 53
2026/09/26 01:33:59.246, 1980, 100, 506.47, 53
2026/09/26 01:34:00.246, 1980, 100, 499.36, 53
2026/09/26 01:34:01.247, 1980, 100, 489.98, 53
2026/09/26 01:34:02.247, 1980, 100, 504.41, 53
2026/09/26 01:34:03.247, 1980, 100, 499.30, 53
2026/09/26 01:34:04.247, 1980, 100, 500.31, 53
2026/09/26 01:34:05.247, 1980, 100, 505.56, 53
2026/09/26 01:34:06.247, 1980, 100, 496.13, 53
2026/09/26 01:34:07.248, 1980, 100, 500.74, 53
2026/09/26 01:34:08.248, 1980, 100, 498.16, 53
2026/09/26 01:34:09.248, 1980, 100, 494.14, 53
2026/09/26 01:34:10.248, 1980, 100, 498.43, 53
2026/09/26 01:34:11.248, 1980, 100, 496.24, 53
2026/09/26 01:34:12.249, 1980, 100, 493.99, 53
2026/09/26 01:34:13.249, 1980, 100, 502.57, 53
2026/09/26 01:34:14.249, 1980, 100, 495.30, 53
2026/09/26 01:34:15.249, 1980, 100, 492.69, 52
2026/09/26 01:34:16.249, 1980, 100, 505.55, 53
2026/09/26 01:34:17.249, 1980, 100, 498.94, 52
2026/09/26 01:34:18.249, 1980, 100, 490.89, 53
2026/09/26 01:34:19.250, 1980, 100, 504.42, 53
2026/09/26 01:34:20.250, 1980, 100, 498.73, 52
2026/09/26 01:34:21.250, 1980, 100, 495.52, 53
2026/09/26 01:34:22.250, 1980, 100, 497.51, 52
2026/09/26 01:34:23.250, 1980, 100, 498.09, 52
2026/09/26 01:34:24.251, 1980, 100, 507.85, 53
2026/09/26 01:34:25.251, 1980, 100, 500.56, 53
2026/09/26 01:34:26.251, 1980, 100, 491.90, 52
2026/09/26 01:34:27.251, 1980, 100, 504.96, 53
2026/09/26 01:34:28.251, 1980, 100, 498.97, 53
2026/09/26 01:34:29.251, 1980, 100, 496.20, 52
2026/09/26 01:34:30.252, 1980, 100, 503.93, 53
2026/09/26 01:34:31.252, 1980, 100, 502.16, 53
2026/09/26 01:34:32.252, 1980, 100, 491.43, 52
2026/09/26 01:34:33.252, 1980, 100, 502.09, 53
2026/09/26 01:34:34.252, 1980, 100, 496.23, 53
2026/09/26 01:34:35.252, 1980, 100, 489.48, 53
2026/09/26 01:34:36.253, 1980, 100, 493.94, 53
2026/09/26 01:34:37.253, 1980, 98, 471.85, 52
2026/09/26 01:34:38.253, 1980, 98, 479.57, 52
2026/09/26 01:34:39.253, 1980, 98, 477.43, 52
2026/09/26 01:34:40.253, 1980, 6, 190.63, 45
2026/09/26 01:34:41.253, 1980, 6, 128.98, 44
2026/09/26 01:34:42.254, 1980, 0, 131.26, 43
2026/09/26 01:34:43.254, 1980, 0, 132.19, 43
2026/09/26 01:34:44.254, 1980, 0, 127.51, 42
2026/09/26 01:34:45.254, 1980, 0, 127.18, 42
2026/09/26 01:34:46.254, 1980, 0, 127.08, 41
2026/09/26 01:34:47.255, 1980, 0, 127.18, 41
2026/09/26 01:34:48.255, 1980, 0, 127.00, 41
2026/09/26 01:34:49.255, 1980, 0, 126.77, 40
2026/09/26 01:34:50.255, 1980, 0, 126.58, 40
2026/09/26 01:34:51.256, 1980, 0, 127.30, 40
2026/09/26 01:34:52.256, 1980, 24, 226.24, 40
2026/09/26 01:34:53.256, 1980, 0, 277.86, 47
2026/09/26 01:34:54.256, 1980, 92, 284.40, 43
2026/09/26 01:34:55.256, 1980, 58, 288.17, 42
2026/09/26 01:34:56.256, 1980, 0, 321.65, 47
2026/09/26 01:34:57.256, 1980, 0, 299.27, 46
2026/09/26 01:34:58.257, 1980, 0, 241.83, 41
2026/09/26 01:34:59.257, 1980, 0, 126.47, 39
2026/09/26 01:35:00.257, 1980, 0, 161.52, 39
2026/09/26 01:35:01.257, 1980, 58, 154.29, 39
2026/09/26 01:35:02.257, 1980, 0, 125.03, 38
2026/09/26 01:35:03.258, 1980, 0, 151.71, 38
2026/09/26 01:35:04.258, 1980, 0, 123.84, 38
2026/09/26 01:35:05.258, 1980, 0, 161.75, 38
2026/09/26 01:35:06.258, 1980, 0, 123.66, 38
2026/09/26 01:35:07.258, 1980, 0, 156.74, 38
2026/09/26 01:35:08.258, 1980, 89, 153.17, 38
2026/09/26 01:35:09.259, 1980, 62, 163.41, 38
2026/09/26 01:35:10.259, 1980, 0, 163.72, 38
2026/09/26 01:35:11.259, 1980, 0, 170.37, 38
2026/09/26 01:35:12.259, 1980, 14, 228.17, 39
2026/09/26 01:35:13.259, 1980, 0, 231.23, 40
2026/09/26 01:35:14.259, 1980, 0, 166.08, 37
2026/09/26 01:35:15.260, 1980, 85, 173.86, 38
2026/09/26 01:35:16.260, 1980, 0, 146.60, 37
2026/09/26 01:35:17.260, 1980, 0, 150.79, 37
2026/09/26 01:35:18.260, 1980, 0, 172.29, 37
2026/09/26 01:35:19.261, 1980, 0, 174.96, 37
2026/09/26 01:35:20.261, 1980, 6, 179.01, 37
2026/09/26 01:35:21.261, 1980, 60, 183.63, 37
2026/09/26 01:35:22.261, 1980, 0, 180.32, 39
2026/09/26 01:35:23.261, 1980, 89, 214.52, 37
2026/09/26 01:35:24.261, 1980, 0, 233.51, 39
2026/09/26 01:35:25.262, 1980, 0, 168.28, 36
2026/09/26 01:35:26.262, 1980, 100, 197.79, 37
2026/09/26 01:35:27.262, 1980, 0, 158.24, 36
2026/09/26 01:35:28.262, 1980, 0, 193.54, 36
2026/09/26 01:35:29.262, 1980, 0, 228.20, 38
2026/09/26 01:35:30.262, 1980, 0, 184.60, 39
2026/09/26 01:35:31.262, 1980, 0, 176.41, 36
2026/09/26 01:35:32.263, 1980, 86, 196.47, 37
2026/09/26 01:35:33.263, 1980, 0, 206.79, 36
2026/09/26 01:35:34.263, 1980, 65, 233.74, 37
2026/09/26 01:35:35.263, 1980, 1, 127.41, 36
2026/09/26 01:35:36.263, 1980, 0, 160.95, 36
2026/09/26 01:35:37.263, 1980, 0, 161.64, 36
2026/09/26 01:35:38.264, 1980, 0, 194.33, 39
2026/09/26 01:35:39.264, 1980, 0, 161.46, 36
2026/09/26 01:35:40.264, 1980, 0, 198.79, 36
2026/09/26 01:35:41.264, 1980, 7, 232.84, 39
2026/09/26 01:35:42.264, 1980, 0, 152.47, 35
2026/09/26 01:35:43.265, 1980, 0, 172.61, 37
2026/09/26 01:35:44.265, 1980, 0, 172.62, 37
2026/09/26 01:35:45.265, 1980, 0, 219.70, 38
2026/09/26 01:35:46.265, 1980, 21, 201.65, 36
2026/09/26 01:35:47.265, 1980, 0, 225.34, 37
2026/09/26 01:35:48.265, 1980, 0, 145.49, 35
2026/09/26 01:35:49.266, 1980, 79, 173.53, 36
2026/09/26 01:35:50.266, 1980, 0, 151.18, 35
2026/09/26 01:35:51.266, 1980, 0, 188.21, 37
2026/09/26 01:35:52.266, 1980, 16, 183.97, 36
2026/09/26 01:35:53.266, 1980, 5, 177.99, 36
2026/09/26 01:35:54.266, 1980, 0, 162.13, 35
2026/09/26 01:35:55.267, 1980, 0, 193.07, 35
2026/09/26 01:35:56.267, 1980, 62, 222.99, 36
2026/09/26 01:35:57.267, 1980, 0, 147.92, 35
2026/09/26 01:35:58.267, 1980, 0, 140.69, 35
2026/09/26 01:35:59.267, 1980, 0, 149.97, 35
2026/09/26 01:36:00.267, 1980, 0, 153.63, 36
2026/09/26 01:36:01.268, 1980, 0, 134.00, 35
2026/09/26 01:36:02.268, 1980, 0, 164.83, 35
2026/09/26 01:36:03.268, 1980, 77, 176.30, 35
2026/09/26 01:36:04.268, 1980, 0, 164.46, 36
2026/09/26 01:36:05.268, 1980, 0, 162.94, 35
2026/09/26 01:36:06.268, 1980, 0, 123.51, 35
2026/09/26 01:36:07.269, 1980, 45, 168.97, 36
2026/09/26 01:36:08.269, 1980, 0, 124.01, 34
2026/09/26 01:36:09.269, 1980, 0, 122.99, 34
2026/09/26 01:36:10.269, 1980, 0, 169.16, 34
2026/09/26 01:36:11.269, 1980, 0, 122.26, 34
2026/09/26 01:36:12.270, 1980, 0, 167.68, 34
2026/09/26 01:36:13.270, 1980, 0, 122.93, 34
2026/09/26 01:36:14.270, 1980, 0, 122.84, 34
2026/09/26 01:36:15.270, 1980, 84, 165.89, 35
2026/09/26 01:36:16.270, 1980, 0, 123.18, 34
2026/09/26 01:36:17.270, 1980, 0, 122.78, 34
2026/09/26 01:36:18.271, 1980, 0, 127.72, 34
2026/09/26 01:36:19.271, 1980, 0, 163.40, 34
2026/09/26 01:36:20.271, 1980, 0, 122.71, 34
2026/09/26 01:36:21.271, 1980, 0, 122.67, 34
2026/09/26 01:36:22.272, 1980, 0, 164.05, 34
2026/09/26 01:36:23.272, 1980, 0, 121.37, 34
2026/09/26 01:36:24.272, 1980, 0, 121.33, 33
2026/09/26 01:36:25.272, 1980, 0, 121.31, 33
2026/09/26 01:36:26.272, 1980, 0, 121.30, 33
2026/09/26 01:36:27.272, 1980, 100, 165.09, 34
2026/09/26 01:36:28.273, 1980, 0, 121.50, 33
2026/09/26 01:36:29.273, 1980, 0, 121.04, 33
2026/09/26 01:36:30.273, 1980, 0, 121.04, 33
2026/09/26 01:36:31.273, 1980, 0, 121.04, 33
2026/09/26 01:36:32.273, 1980, 0, 120.99, 33
2026/09/26 01:36:33.274, 1980, 0, 164.21, 33
2026/09/26 01:36:34.274, 1980, 0, 121.00, 33
2026/09/26 01:36:35.274, 1980, 0, 120.99, 33
2026/09/26 01:36:36.274, 1980, 0, 120.91, 33
2026/09/26 01:36:37.274, 1980, 0, 120.92, 33
2026/09/26 01:36:38.274, 1980, 0, 163.42, 33
2026/09/26 01:36:39.275, 1980, 3, 163.20, 35
2026/09/26 01:36:40.275, 1980, 0, 122.25, 33
2026/09/26 01:36:41.275, 1980, 0, 164.22, 33
2026/09/26 01:36:42.275, 1980, 25, 163.31, 35
2026/09/26 01:36:43.275, 1980, 0, 122.16, 33
2026/09/26 01:36:44.276, 1980, 0, 121.05, 33
2026/09/26 01:36:45.276, 1980, 0, 121.03, 33
2026/09/26 01:36:46.276, 1980, 0, 120.99, 33
2026/09/26 01:36:47.276, 1980, 0, 120.99, 33
2026/09/26 01:36:48.276, 1980, 92, 153.82, 34
2026/09/26 01:36:49.277, 1980, 0, 121.69, 33
2026/09/26 01:36:50.277, 1980, 0, 120.79, 33
2026/09/26 01:36:51.277, 1980, 0, 120.77, 33
2026/09/26 01:36:52.277, 1980, 0, 120.81, 33
2026/09/26 01:36:53.277, 1980, 0, 120.74, 33
2026/09/26 01:36:54.277, 1980, 96, 153.97, 34
2026/09/26 01:36:55.278, 1980, 0, 121.09, 33
2026/09/26 01:36:56.278, 1980, 0, 120.13, 33
2026/09/26 01:36:57.278, 1980, 0, 120.18, 33
2026/09/26 01:36:58.278, 1980, 0, 120.09, 33
2026/09/26 01:36:59.278, 1980, 0, 120.10, 32
2026/09/26 01:37:00.278, 1980, 40, 152.72, 34
2026/09/26 01:37:01.279, 1980, 0, 121.79, 33
2026/09/26 01:37:02.279, 1980, 36, 160.63, 34
2026/09/26 01:37:03.279, 1980, 0, 121.74, 33
2026/09/26 01:37:04.279, 1980, 100, 161.72, 34
2026/09/26 01:37:05.279, 1980, 0, 121.22, 33
2026/09/26 01:37:06.279, 1980, 25, 162.59, 33
2026/09/26 01:37:07.280, 1980, 0, 120.83, 33
2026/09/26 01:37:08.280, 1980, 0, 162.71, 33
2026/09/26 01:37:09.280, 1980, 0, 163.04, 33
2026/09/26 01:37:10.280, 1980, 0, 120.73, 33
2026/09/26 01:37:11.280, 1980, 0, 161.32, 33
2026/09/26 01:37:12.281, 1980, 0, 167.05, 33
2026/09/26 01:37:13.281, 1980, 0, 166.61, 33
2026/09/26 01:37:14.281, 1980, 0, 164.08, 33
2026/09/26 01:37:15.281, 1980, 0, 173.74, 33
2026/09/26 01:37:16.281, 1980, 0, 173.54, 34
2026/09/26 01:37:17.281, 1980, 6, 169.72, 37
2026/09/26 01:37:18.282, 1980, 91, 160.94, 34
2026/09/26 01:37:19.282, 1980, 19, 160.87, 36
2026/09/26 01:37:20.282, 1980, 0, 129.29, 33
2026/09/26 01:37:21.282, 1980, 43, 265.78, 35
2026/09/26 01:37:22.282, 1980, 20, 249.27, 37
2026/09/26 01:37:23.282, 1980, 93, 522.31, 41
2026/09/26 01:37:24.283, 1980, 9, 392.09, 37
2026/09/26 01:37:25.283, 1980, 95, 496.69, 43
2026/09/26 01:37:26.283, 1980, 96, 523.35, 43
2026/09/26 01:37:27.283, 1980, 100, 531.03, 45
2026/09/26 01:37:28.283, 1980, 88, 517.63, 45
2026/09/26 01:37:29.284, 1980, 97, 529.06, 45
2026/09/26 01:37:30.284, 1980, 100, 528.26, 46
2026/09/26 01:37:31.284, 1980, 93, 523.62, 46
2026/09/26 01:37:32.284, 1980, 98, 518.74, 46
2026/09/26 01:37:33.284, 1980, 93, 528.92, 47
2026/09/26 01:37:34.284, 1980, 100, 539.36, 47
2026/09/26 01:37:35.285, 1980, 97, 527.28, 47
2026/09/26 01:37:36.285, 1980, 93, 519.49, 48
2026/09/26 01:37:37.285, 1980, 100, 521.85, 48
2026/09/26 01:37:38.285, 1980, 96, 526.53, 48
2026/09/26 01:37:39.285, 1980, 95, 527.74, 49
2026/09/26 01:37:40.286, 1980, 100, 523.94, 48
2026/09/26 01:37:41.286, 1980, 95, 537.89, 49
2026/09/26 01:37:42.286, 1980, 97, 531.17, 49
2026/09/26 01:37:43.286, 1980, 100, 516.76, 48
2026/09/26 01:37:44.286, 1980, 93, 532.28, 50
2026/09/26 01:37:45.286, 1980, 97, 521.07, 49
2026/09/26 01:37:46.287, 1980, 100, 524.00, 49
2026/09/26 01:37:47.287, 1980, 93, 522.04, 50
2026/09/26 01:37:48.287, 1980, 99, 520.66, 50
2026/09/26 01:37:49.287, 1980, 100, 525.92, 50
2026/09/26 01:37:50.287, 1980, 87, 527.36, 50
2026/09/26 01:37:51.287, 1980, 99, 529.91, 50
2026/09/26 01:37:52.288, 1980, 100, 520.81, 50
2026/09/26 01:37:53.288, 1980, 93, 529.48, 51
2026/09/26 01:37:54.288, 1980, 100, 518.02, 51
2026/09/26 01:37:55.288, 1980, 98, 535.15, 50
2026/09/26 01:37:56.288, 1980, 93, 525.96, 51
2026/09/26 01:37:57.289, 1980, 100, 522.93, 51
2026/09/26 01:37:58.289, 1980, 97, 532.53, 51
2026/09/26 01:37:59.289, 1980, 95, 532.84, 52
2026/09/26 01:38:00.289, 1980, 100, 526.69, 51
2026/09/26 01:38:01.289, 1980, 90, 532.49, 51
2026/09/26 01:38:02.289, 1980, 96, 535.12, 52
2026/09/26 01:38:03.290, 1980, 100, 525.41, 51
2026/09/26 01:38:04.290, 1980, 93, 542.91, 52
2026/09/26 01:38:05.290, 1980, 97, 536.14, 52
2026/09/26 01:38:06.290, 1980, 100, 530.70, 52
2026/09/26 01:38:07.290, 1980, 94, 540.34, 53
2026/09/26 01:38:08.291, 1980, 100, 461.69, 51
2026/09/26 01:38:09.291, 1980, 94, 537.95, 52
2026/09/26 01:38:10.291, 1980, 99, 523.78, 52
2026/09/26 01:38:11.291, 1980, 100, 532.17, 52
2026/09/26 01:38:12.291, 1980, 94, 537.50, 53
2026/09/26 01:38:13.291, 1980, 100, 529.59, 53
2026/09/26 01:38:14.292, 1980, 93, 535.30, 52
2026/09/26 01:38:15.292, 1980, 94, 530.50, 53
2026/09/26 01:38:16.292, 1980, 100, 535.03, 53
2026/09/26 01:38:17.292, 1980, 98, 534.80, 53
2026/09/26 01:38:18.292, 1980, 6, 372.18, 46
2026/09/26 01:38:19.293, 1980, 6, 127.36, 43
2026/09/26 01:38:20.293, 1980, 0, 126.38, 42
2026/09/26 01:38:21.293, 1980, 0, 130.19, 42
2026/09/26 01:38:22.293, 1980, 3, 129.31, 41
2026/09/26 01:38:23.293, 1980, 0, 125.21, 41
2026/09/26 01:38:24.293, 1980, 0, 124.40, 40
2026/09/26 01:38:25.294, 1980, 0, 124.18, 40
2026/09/26 01:38:26.294, 1980, 0, 123.88, 40
2026/09/26 01:38:27.294, 1980, 0, 123.68, 39
2026/09/26 01:38:28.294, 1980, 0, 123.57, 39
2026/09/26 01:38:29.294, 1980, 0, 123.37, 39
2026/09/26 01:38:30.295, 1980, 0, 123.42, 39
2026/09/26 01:38:31.295, 1980, 2, 127.58, 38
2026/09/26 01:38:32.295, 1980, 96, 439.40, 46
2026/09/26 01:38:33.295, 1980, 94, 535.39, 48
2026/09/26 01:38:34.295, 1980, 94, 525.57, 49
2026/09/26 01:38:35.296, 1980, 99, 523.15, 49
2026/09/26 01:38:36.296, 1980, 98, 540.17, 49
2026/09/26 01:38:37.296, 1980, 97, 525.86, 50
2026/09/26 01:38:38.296, 1980, 97, 543.51, 49
2026/09/26 01:38:39.296, 1980, 89, 535.99, 51
2026/09/26 01:38:40.297, 1980, 81, 478.00, 47
2026/09/26 01:38:41.297, 1980, 97, 532.84, 50
2026/09/26 01:38:42.297, 1980, 94, 531.85, 51
2026/09/26 01:38:43.297, 1980, 96, 542.07, 52
2026/09/26 01:38:44.297, 1980, 99, 532.24, 51
2026/09/26 01:38:45.298, 1980, 98, 534.55, 51
2026/09/26 01:38:46.298, 1980, 97, 537.40, 52
2026/09/26 01:38:47.298, 1980, 96, 541.34, 52
2026/09/26 01:38:48.298, 1980, 92, 544.16, 52
2026/09/26 01:38:49.298, 1980, 96, 539.14, 52
2026/09/26 01:38:50.299, 1980, 99, 538.24, 52
2026/09/26 01:38:51.299, 1980, 98, 529.11, 52
2026/09/26 01:38:52.299, 1980, 97, 536.54, 53
2026/09/26 01:38:53.299, 1980, 97, 540.63, 53
2026/09/26 01:38:54.299, 1980, 92, 541.34, 52
2026/09/26 01:38:55.299, 1980, 95, 531.45, 53
2026/09/26 01:38:56.300, 1980, 98, 547.12, 54
2026/09/26 01:38:57.300, 1980, 98, 535.06, 52
2026/09/26 01:38:58.300, 1980, 91, 479.58, 53
2026/09/26 01:38:59.300, 1980, 99, 544.28, 53
2026/09/26 01:39:00.300, 1980, 98, 527.64, 52
2026/09/26 01:39:01.301, 1980, 97, 537.57, 53
2026/09/26 01:39:02.301, 1980, 96, 511.61, 50
2026/09/26 01:39:03.301, 1980, 0, 271.85, 44
2026/09/26 01:39:04.301, 1980, 0, 126.98, 43
2026/09/26 01:39:05.301, 1980, 0, 126.14, 42
2026/09/26 01:39:06.302, 1980, 0, 130.17, 41
2026/09/26 01:39:07.302, 1980, 0, 127.56, 41
2026/09/26 01:39:08.302, 1980, 0, 124.43, 40
2026/09/26 01:39:09.302, 1980, 0, 124.20, 40
2026/09/26 01:39:10.302, 1980, 0, 124.14, 40
2026/09/26 01:39:11.302, 1980, 0, 123.79, 40
2026/09/26 01:39:12.303, 1980, 0, 123.63, 39
2026/09/26 01:39:13.303, 1980, 0, 123.52, 39
2026/09/26 01:39:14.303, 1980, 1, 125.90, 39
2026/09/26 01:39:15.303, 1980, 91, 328.94, 46
2026/09/26 01:39:16.303, 1980, 96, 510.92, 48
2026/09/26 01:39:17.304, 1980, 97, 510.93, 48
2026/09/26 01:39:18.304, 1980, 98, 356.15, 48
2026/09/26 01:39:19.304, 1980, 95, 526.97, 49
2026/09/26 01:39:20.304, 1980, 95, 514.28, 49
2026/09/26 01:39:21.304, 1980, 96, 505.91, 50
2026/09/26 01:39:22.304, 1980, 97, 514.09, 50
2026/09/26 01:39:23.305, 1980, 98, 518.42, 50
2026/09/26 01:39:24.305, 1980, 100, 510.70, 50
2026/09/26 01:39:25.305, 1980, 100, 498.63, 50
2026/09/26 01:39:26.305, 1980, 100, 505.44, 50
2026/09/26 01:39:27.305, 1980, 99, 509.67, 50
2026/09/26 01:39:28.305, 1980, 92, 509.79, 51
2026/09/26 01:39:29.306, 1980, 96, 505.80, 52
2026/09/26 01:39:30.306, 1980, 94, 502.06, 51
2026/09/26 01:39:31.306, 1980, 96, 505.06, 51
2026/09/26 01:39:32.306, 1980, 98, 507.02, 51
2026/09/26 01:39:33.306, 1980, 100, 499.51, 50
2026/09/26 01:39:34.307, 1980, 100, 494.64, 51
2026/09/26 01:39:35.307, 1980, 100, 499.37, 51
2026/09/26 01:39:36.307, 1980, 100, 498.11, 51
2026/09/26 01:39:37.307, 1980, 98, 509.07, 51
2026/09/26 01:39:38.307, 1980, 97, 504.78, 52
2026/09/26 01:39:39.307, 1980, 95, 502.02, 52
2026/09/26 01:39:40.308, 1980, 94, 507.29, 52
2026/09/26 01:39:41.308, 1980, 96, 505.85, 52
2026/09/26 01:39:42.308, 1980, 98, 507.51, 52
2026/09/26 01:39:43.308, 1980, 99, 507.79, 51
2026/09/26 01:39:44.308, 1980, 100, 497.14, 51
2026/09/26 01:39:45.308, 1980, 100, 502.56, 51
2026/09/26 01:39:46.309, 1980, 100, 502.02, 51
2026/09/26 01:39:47.309, 1980, 99, 502.66, 52
2026/09/26 01:39:48.309, 1980, 98, 512.12, 53
2026/09/26 01:39:49.309, 1980, 96, 501.65, 52
2026/09/26 01:39:50.309, 1980, 95, 512.54, 52
2026/09/26 01:39:51.310, 1980, 96, 502.72, 52
2026/09/26 01:39:52.310, 1980, 98, 506.64, 52
2026/09/26 01:39:53.310, 1980, 100, 503.73, 52
2026/09/26 01:39:54.310, 1980, 100, 498.67, 52
2026/09/26 01:39:55.310, 1980, 100, 509.70, 52
2026/09/26 01:39:56.310, 1980, 100, 509.74, 52
2026/09/26 01:39:57.311, 1980, 98, 514.09, 52
2026/09/26 01:39:58.311, 1980, 96, 508.46, 53
2026/09/26 01:39:59.311, 1980, 90, 511.22, 53
2026/09/26 01:40:00.311, 1980, 96, 508.37, 53
2026/09/26 01:40:01.311, 1980, 96, 506.15, 53
2026/09/26 01:40:02.311, 1980, 98, 504.54, 53
2026/09/26 01:40:03.312, 1980, 100, 509.39, 52
2026/09/26 01:40:04.312, 1980, 100, 512.66, 52
2026/09/26 01:40:05.312, 1980, 100, 508.93, 52
2026/09/26 01:40:06.312, 1980, 100, 511.09, 52
2026/09/26 01:40:07.312, 1980, 98, 508.10, 53
2026/09/26 01:40:08.313, 1980, 95, 512.31, 53
2026/09/26 01:40:09.313, 1980, 94, 506.58, 53
2026/09/26 01:40:10.313, 1980, 96, 503.34, 53
2026/09/26 01:40:11.313, 1980, 98, 513.50, 53
2026/09/26 01:40:12.313, 1980, 98, 502.70, 53
2026/09/26 01:40:13.313, 1980, 100, 512.43, 53
2026/09/26 01:40:14.314, 1980, 100, 509.66, 53
2026/09/26 01:40:15.314, 1980, 100, 509.65, 52
2026/09/26 01:40:16.314, 1980, 100, 509.29, 52
2026/09/26 01:40:17.314, 1980, 91, 505.28, 53
2026/09/26 01:40:18.314, 1980, 96, 515.28, 54
2026/09/26 01:40:19.314, 1980, 95, 509.32, 53
2026/09/26 01:40:20.315, 1980, 96, 506.85, 53
2026/09/26 01:40:21.315, 1980, 98, 502.84, 53
2026/09/26 01:40:22.315, 1980, 99, 505.75, 53
2026/09/26 01:40:23.315, 1980, 100, 500.66, 53
2026/09/26 01:40:24.315, 1980, 100, 515.19, 53
2026/09/26 01:40:25.316, 1980, 100, 510.13, 52
2026/09/26 01:40:26.316, 1980, 100, 516.17, 52
2026/09/26 01:40:27.316, 1980, 98, 520.73, 53
2026/09/26 01:40:28.316, 1980, 100, 453.61, 52
2026/09/26 01:40:29.316, 1980, 100, 508.66, 52
2026/09/26 01:40:30.316, 1980, 100, 501.09, 52
2026/09/26 01:40:31.317, 1980, 98, 512.65, 53
2026/09/26 01:40:32.317, 1980, 97, 520.91, 54
2026/09/26 01:40:33.317, 1980, 6, 314.31, 46
2026/09/26 01:40:34.317, 1980, 6, 127.80, 44
2026/09/26 01:40:35.317, 1980, 0, 126.95, 43
2026/09/26 01:40:36.318, 1980, 0, 131.91, 43
2026/09/26 01:40:37.318, 1980, 0, 130.39, 42
