step,time,tokens_seen,data_index,data_batch,data_epoch,lr,lr_frac,lr_scale,loss,valid_tokens,aux_loss,loss_by_source.fineweb_edu,loss_by_source.finepdfs_edu,loss_by_source.code,loss_by_row_type.trunk,mean_segment_len,loss_nonfinite,grad_nonfinite,grad_norm,grad_clipped,skipped,spike,step_time,data_time,tokens_per_sec,tokens_per_sec_per_gpu,peak_mem_gb,peak_mem_reserved_gb,sparse_phase,loss_ema,indexer_kl,indexer_kl_by_type.csa,segment,loss_by_source.books,loss_by_source.math
0,1790385549.0426445,16384,0,0,0,0.00011999999999999999,0.2,1.0,11.811980375465705,16373,0.896384596824646,11.842387609984113,11.820371642246641,11.742826617826617,11.811980375465705,1489.4545454545455,0,0,15.936458587646484,1,0,0,2.6063949330709875,0.057806796161457896,6286.077290940531,6286.077290940531,7.938886642456055,8.556640625,0,11.811980375465705,0.07469871453940868,0.07469871453940868,0,,
1,1790385550.2879176,32768,1,1,0,0.00023999999999999998,0.4,1.0,11.653027361645593,16371,0.9025290012359619,11.651511505317199,11.63888888888889,,11.653027361645593,1260.3076923076924,0,0,5.867326259613037,1,0,0,0.28071286412887275,2.17510387301445e-05,58365.68997592591,58365.68997592591,8.262770652770996,8.599609375,0,11.808801315189303,0.07521075227608283,0.07521075227608283,0,11.670194215506715,
2,1790385550.5605052,49152,2,2,0,0.00035999999999999997,0.6,1.0,11.595994208862692,16372,0.8705884218215942,11.50506542562943,,11.746489621489621,11.595993970269362,1365.3333333333333,0,0,7.418623924255371,1,0,0,0.269772713072598,1.6841106116771698e-05,60732.606398153155,60732.606398153155,8.262770652770996,8.599609375,0,11.80454517306277,0.07254903328915437,0.07254903328915437,0,,11.62717777014652
3,1790385550.8756375,65536,3,3,0,0.00047999999999999996,0.8,1.0,11.501077421669823,16373,0.7754536867141724,11.354219972045705,,11.647807921245422,11.50107670593355,1489.4545454545455,0,0,2.294126272201538,1,0,0,0.2933626810554415,1.7805024981498718e-05,55848.957819224626,55848.957819224626,8.262770652770996,8.599609375,0,11.79847581803491,0.06462114211171865,0.06462114211171865,0,,
4,1790385551.1931832,81920,4,4,0,0.0006,1.0,1.0,11.2941163003663,16380,0.6448788046836853,11.267376373626373,,11.511495535714285,11.2941163003663,4096.0,0,0,2.2317843437194824,1,0,0,0.3145745189394802,2.3333821445703506e-05,52083.04873272986,52083.04873272986,8.262770652770996,8.599609375,0,11.788388627681538,0.053739902873833977,0.053739902873833977,0,11.198796646062272,
5,1790385551.4666767,98304,5,5,0,0.0006,1.0,1.0,11.158104460631606,16371,0.5847432613372803,11.072839034819792,11.243358993250672,,11.1581042220237,1260.3076923076924,0,0,1.7115206718444824,1,0,0,0.2698379559442401,1.7384998500347137e-05,60717.92214207858,60717.92214207858,8.262770652770996,8.599609375,0,11.77578294434054,0.04872860386967659,0.04872860386967659,0,,
6,1790385551.7395487,114688,6,6,0,0.0006,1.0,1.0,10.9587811258784,16365,0.6120287179946899,10.9587811258784,,,10.9587811258784,862.3157894736842,0,0,1.7044256925582886,1,0,0,0.2703219640534371,1.871609129011631e-05,60609.207458855315,60609.207458855315,8.262770652770996,8.599609375,0,11.759442907971296,0.051002389285713434,0.051002389285713434,0,,
7,1790385552.013791,131072,7,7,0,0.0006,1.0,1.0,11.374755755022287,16377,0.7849986553192139,10.994109623015873,10.932272574535679,11.786158806471306,11.374755993542774,2340.5714285714284,0,0,3.848649263381958,1,0,0,0.271321136970073,1.8320046365261078e-05,60386.00671869945,60386.00671869945,8.262770652770996,8.599609375,0,11.751749164912317,0.06541655492037535,0.06541655492037535,0,,
8,1790385552.2849462,147456,8,8,0,0.0006,1.0,1.0,10.72348418311236,16367,0.7224955558776855,10.71747199592668,10.741517366202347,,10.723483705779923,963.7647058823529,0,0,1.769408106803894,1,0,0,0.2684614129830152,1.8854159861803055e-05,61029.254886014365,61029.254886014365,8.262770652770996,8.599609375,0,11.731183865276318,0.060207964231570564,0.060207964231570564,0,,
9,1790385552.5571668,163840,9,9,0,0.0006,1.0,1.0,10.663652696781876,16376,0.7353728413581848,10.579067213452614,10.604959114646958,,10.663652219711773,2048.0,0,0,1.5528432130813599,1,0,0,0.26935913413763046,1.6982201486825943e-05,60825.85635142601,60825.85635142601,8.262770652770996,8.599609375,0,11.709833241906429,0.061281068716198206,0.061281068716198206,0,10.89144536019536,
10,1790385553.5346458,180224,10,10,0,0.0006,1.0,1.0,10.33924174225765,16371,0.5836239457130432,10.34543201673998,,,10.33924174225765,1260.3076923076924,0,0,1.6313557624816895,1,0,0,0.4061932931654155,2.4649081751704216e-05,40335.47642385096,40335.47642385096,8.262770652770996,8.599609375,1,11.682421411913452,0.04863533051684499,0.04863533051684499,0,10.320684523809524,
11,1790385554.063234,196608,11,11,0,0.0006,1.0,1.0,10.264193614877245,16374,0.6254124641418457,10.299470097904448,,,10.264193853441432,1638.4,0,0,1.4747792482376099,1,0,0,0.27065241103991866,1.802598126232624e-05,60535.20800737857,60535.20800737857,8.262770652770996,8.599609375,1,11.654056855972728,0.052117707673460245,0.052117707673460245,0,10.186328601953601,10.271558302808304
12,1790385554.3358357,212992,12,12,0,0.0006,1.0,1.0,10.254146469465649,16375,0.6112599968910217,10.092351772616137,,10.92289568070818,10.254146469465649,1820.4444444444443,0,0,1.4462971687316895,1,0,0,0.269941563019529,1.7644139006733894e-05,60694.617815540674,60694.617815540674,8.262770652770996,8.599609375,1,11.626058648242587,0.05093833260859052,0.05093833260859052,0,10.000570436507937,
13,1790385554.6080697,229376,13,13,0,0.0006,1.0,1.0,9.953656628301541,16356,0.4857339560985565,9.95365591182135,,,9.95365591182135,585.1428571428571,0,0,1.4845693111419678,1,0,0,0.26926376204937696,1.6348902136087418e-05,60847.400613067046,60847.400613067046,8.262770652770996,8.599609375,1,11.592610607843767,0.04047782920921842,0.04047782920921842,0,,
14,1790385554.8798676,245760,14,14,0,0.0006,1.0,1.0,9.725037422863078,16367,0.5083179473876953,9.72045070842161,9.738783959096459,,9.725037661529297,963.7647058823529,0,0,1.684252142906189,1,0,0,0.2690822510048747,1.6439007595181465e-05,60888.4455916908,60888.4455916908,8.262770652770996,8.599609375,1,11.555259144144154,0.042359825068463884,0.042359825068463884,0,,
15,1790385555.1527455,262144,15,15,0,0.0006,1.0,1.0,9.710336391554115,16363,0.49574241042137146,9.69698733493642,9.750329097985349,,9.710336630278677,780.1904761904761,0,0,1.7488521337509155,1,0,0,0.2697865879163146,1.553189940750599e-05,60729.48298335042,60729.48298335042,8.262770652770996,8.599609375,1,11.518360689092352,0.04131186722467343,0.04131186722467343,0,,
16,1790385555.426107,278528,16,16,0,0.0006,1.0,1.0,9.911269969149002,16369,0.5310204029083252,9.541362120216409,,10.280680517399267,9.911269730511943,1092.2666666666667,0,0,1.8433825969696045,1,0,0,0.27034272509627044,1.6534002497792244e-05,60604.55295834417,60604.55295834417,8.262770652770996,8.599609375,1,11.486218874693485,0.044251699660283826,0.044251699660283826,0,,
17,1790385555.6981812,294912,17,17,0,0.0006,1.0,1.0,9.32324015970441,16374,0.43055954575538635,9.254195495784458,9.392234241452991,,9.32324015970441,1638.4,0,0,1.7419511079788208,1,0,0,0.26896784198470414,1.6247155144810677e-05,60914.34529534478,60914.34529534478,8.262770652770996,8.599609375,1,11.442959300393703,0.03587996199106177,0.03587996199106177,0,,
18,1790385555.9693637,311296,18,18,0,0.0006,1.0,1.0,9.174751481187393,16372,0.4027880132198334,9.230886969872891,,8.640556318681318,9.174751004000733,1365.3333333333333,0,0,2.2076773643493652,1,0,0,0.26858443301171064,1.6591046005487442e-05,61001.30158803967,61001.30158803967,8.262770652770996,8.599609375,1,11.397595144009577,0.033565667225047946,0.033565667225047946,0,,9.596783424908425
19,1790385556.2413354,327680,19,19,0,0.0006,1.0,1.0,9.127787347980199,16363,0.37754026055336,9.06764052312551,9.308098430246762,,9.127788064153883,780.1904761904761,0,0,1.7331209182739258,1,0,0,0.26903190603479743,1.541106030344963e-05,60899.83987951541,60899.83987951541,8.262770652770996,8.599609375,1,11.35219898808899,0.03146168845705688,0.03146168845705688,0,,
20,1790385562.499161,344064,20,20,0,0.0006,1.0,1.0,8.986482020600281,16359,0.34544509649276733,8.986481781817348,,,8.986481781817348,655.36,0,0,1.4869201183319092,1,0,0,0.2754514729604125,3.7762103602290154e-05,59480.53144865442,59480.53144865442,8.262770652770996,8.599609375,1,11.304884648739215,0.028787091840058565,0.028787091840058565,0,,
21,1790385563.0315146,360448,21,21,0,0.0006,1.0,1.0,8.92938911253361,16364,0.35155466198921204,8.806612766423507,,,8.929388873823637,819.2,0,0,1.5468430519104004,1,0,0,0.27090035704895854,1.767696812748909e-05,60479.8021622356,60479.8021622356,8.262770652770996,8.599609375,1,11.257374738015102,0.029296222608536482,0.029296222608536482,0,,9.297237484737485
22,1790385563.304333,376832,22,22,0,0.0006,1.0,1.0,9.150243064038357,16373,0.34587448835372925,8.764234445649517,8.588749618437118,10.483092948717948,9.150242825459598,1489.4545454545455,0,0,1.3814359903335571,1,0,0,0.27033769991248846,1.8466031178832054e-05,60605.679508643065,60605.679508643065,8.262770652770996,8.599609375,1,11.215232104535566,0.028822874068282545,0.028822874068282545,0,,
23,1790385563.57649,393216,23,23,0,0.0006,1.0,1.0,9.381253815628815,16380,0.3536767363548279,8.396047008547008,8.802233096764347,10.163368055555555,9.381254054105616,4096.0,0,0,1.1039869785308838,1,0,0,0.269372196868062,1.6940990462899208e-05,60822.90670861199,60822.90670861199,8.262770652770996,8.599609375,1,11.178552538757431,0.029473061906173825,0.029473061906173825,0,,
24,1790385563.8497753,409600,24,24,0,0.0006,1.0,1.0,8.581923081331377,16359,0.326936274766922,8.581923081331377,,,8.581923081331377,655.36,0,0,1.370966911315918,1,0,0,0.2707815070170909,1.8048100173473358e-05,60506.34764716739,60506.34764716739,8.262770652770996,8.599609375,1,11.12661994960891,0.027244689020638663,0.027244689020638663,0,,
25,1790385564.1249554,425984,25,25,0,0.0006,1.0,1.0,9.637692687973368,16372,0.4123133420944214,8.894569921015645,,10.380089094932845,9.637692449380038,1365.3333333333333,0,0,1.022988200187683,1,0,0,0.2723582610487938,1.6688834875822067e-05,60156.060392325526,60156.060392325526,8.262770652770996,8.599609375,1,11.0968414043762,0.034359443777551256,0.034359443777551256,0,,
26,1790385564.3986073,442368,26,26,0,0.0006,1.0,1.0,9.13029356985833,16376,0.35860157012939453,8.513703862136397,,9.779170959249084,9.130293331323278,2048.0,0,0,1.130933403968811,1,0,0,0.27115805889479816,1.8372898921370506e-05,60422.32366900273,60422.32366900273,8.262770652770996,8.599609375,1,11.057510447685843,0.02988346324612697,0.02988346324612697,0,8.448525259462759,
27,1790385564.6710188,458752,27,27,0,0.0006,1.0,1.0,9.386406230914865,16374,0.3705575466156006,8.263781257642455,8.247840354090354,10.516180173992675,9.38640670804324,1638.4,0,0,1.1371145248413086,1,0,0,0.2696787321474403,1.7260899767279625e-05,60753.77123562879,60753.77123562879,8.262770652770996,8.599609375,1,11.024088363350423,0.030879796327402193,0.030879796327402193,0,,
28,1790385564.9485347,475136,28,28,0,0.0006,1.0,1.0,8.34068066716573,16364,0.3347822427749634,8.316329837904474,,,8.34068138329565,819.2,0,0,1.2182596921920776,1,0,0,0.2750002888496965,1.779012382030487e-05,59578.11923955759,59578.11923955759,8.262770652770996,8.599609375,1,10.97042020942673,0.02789851922231416,0.02789851922231416,0,8.413640873015874,
29,1790385565.221341,491520,29,29,0,0.0006,1.0,1.0,8.412493222707557,16369,0.3795284628868103,8.467899029645476,8.598585582559844,,8.412493222707557,1092.2666666666667,0,0,1.1522014141082764,1,0,0,0.2700616989750415,1.558009535074234e-05,60667.618037588414,60667.618037588414,8.262770652770996,8.599609375,1,10.919261669692345,0.031627372450505696,0.031627372450505696,0,8.115769993894993,
30,1790385566.0786107,507904,30,30,0,0.0006,1.0,1.0,8.31884881989001,16365,0.4155018925666809,8.318849297280781,,,8.318849297280781,862.3157894736842,0,0,1.3666150569915771,1,0,0,0.2794001118745655,2.2842083126306534e-05,58639.91925441845,58639.91925441845,8.262770652770996,8.599609375,1,10.867253412696298,0.034625155851244926,0.034625155851244926,0,,
31,1790385566.6448693,524288,31,31,0,0.0006,1.0,1.0,8.176714741142334,16370,0.4959562420845032,8.00634670117665,8.02523656898657,,8.176714383208614,1170.2857142857142,0,0,2.348909378051758,1,0,0,0.30075981095433235,1.788209192454815e-05,54475.36340714007,54475.36340714007,8.262770652770996,8.599609375,1,10.813442639265219,0.0413296886254102,0.0413296886254102,0,,8.668511523199022
32,1790385566.9474256,540672,32,32,0,0.0006,1.0,1.0,8.093332581917105,16358,0.4523599147796631,8.093332581917105,,,8.093332581917105,630.1538461538462,0,0,1.3209569454193115,1,0,0,0.29898080811835825,2.3853033781051636e-05,54799.504032091674,54799.504032091674,8.262770652770996,8.599609375,1,10.759040438118257,0.03769665855603913,0.03769665855603913,0,,
33,1790385567.2271998,557056,33,33,0,0.0006,1.0,1.0,8.79219122182862,16373,0.5978394746780396,8.21336256260689,8.422466856060606,10.318736645299145,8.79219122182862,1489.4545454545455,0,0,0.9049009680747986,0,0,0,0.2768975670915097,1.781713217496872e-05,59169.895106320604,59169.895106320604,8.262770652770996,8.599609375,1,10.719703453792464,0.049819956766441464,0.049819956766441464,0,,
34,1790385567.5031035,573440,34,34,0,0.0006,1.0,1.0,8.136699175782205,16364,0.39576706290245056,8.05259399065887,8.388849865624236,,8.136699056427219,819.2,0,0,1.1434887647628784,1,0,0,0.2729855910874903,1.810304820537567e-05,60017.81974913475,60017.81974913475,8.262770652770996,8.599609375,1,10.668043368232258,0.03298058779910207,0.03298058779910207,0,,
35,1790385567.7804205,589824,35,35,0,0.0006,1.0,1.0,8.075558056166392,16371,0.39232105016708374,8.01439053463058,,,8.075557698254535,1260.3076923076924,0,0,1.279943823814392,1,0,0,0.27441868791356683,1.7727958038449287e-05,59704.38866452288,59704.38866452288,8.262770652770996,8.599609375,1,10.616193661990941,0.032693421196502946,0.032693421196502946,0,8.258924755799756,
36,1790385568.0550535,606208,36,36,0,0.0006,1.0,1.0,8.435923467283724,16368,0.7413883209228516,8.101388082579646,,9.438549297924299,8.435923467283724,1024.0,0,0,1.6204164028167725,1,0,0,0.27214474696666,1.8558930605649948e-05,60203.25647515502,60203.25647515502,8.262770652770996,8.599609375,1,10.572588258096797,0.06178235817545404,0.06178235817545404,0,,
37,1790385568.3308637,622592,37,37,0,0.0006,1.0,1.0,8.549964722977514,16366,0.8646831512451172,7.9651017579557495,,10.30255360958486,8.549964603637113,910.2222222222222,0,0,1.8118767738342285,1,0,0,0.27296022209338844,1.8178019672632217e-05,60023.397820926846,60023.397820926846,8.262770652770996,8.599609375,1,10.532135787394411,0.07205692880476515,0.07205692880476515,0,,
38,1790385568.6266296,638976,38,38,0,0.0006,1.0,1.0,8.7551556009865,16371,0.6267811059951782,7.852590020851155,8.850879168702663,10.46306662087912,8.755155481682548,1260.3076923076924,0,0,2.0462210178375244,1,0,0,0.29318874096497893,1.911912113428116e-05,55882.091331593976,55882.091331593976,8.262770652770996,8.599609375,1,10.496596183666252,0.05223176201495031,0.05223176201495031,0,,
39,1790385568.920148,655360,39,39,0,0.0006,1.0,1.0,8.494435728899475,16374,0.5999079346656799,8.038848668132943,8.380660485347985,9.518717567155067,8.494435728899475,1638.4,0,0,1.4113785028457642,1,0,0,0.29037973703816533,1.826183870434761e-05,56422.6697327941,56422.6697327941,8.262770652770996,8.599609375,1,10.456552974570917,0.04999232913057009,0.04999232913057009,0,,
