step,layer,type,act.act_rms,act.act_absmax,act.mixer_out_rms,act.ffn_out_rms,mixer.forget_gate.mean,mixer.forget_gate.std,mixer.forget_gate.min,mixer.forget_gate.max,mixer.forget_gate.p01,mixer.forget_gate.p50,mixer.forget_gate.p99,mixer.forget_gate_log.mean,mixer.forget_gate_log.std,mixer.forget_gate_log.min,mixer.forget_gate_log.max,mixer.forget_gate_log.p01,mixer.forget_gate_log.p50,mixer.forget_gate_log.p99,mixer.forget_half_life_median,mixer.beta.mean,mixer.beta.std,mixer.beta.min,mixer.beta.max,mixer.beta.p01,mixer.beta.p50,mixer.beta.p99,mixer.state_norm_mean,mixer.state_norm_max,mixer.output_gate_mean,grad_norm.mixer,grad_norm.ffn,grad_norm.norm,grad_norm.total,update.mixer.ratio,update.mixer.w_norm,update.mixer.max_matrix_ratio,update.ffn.ratio,update.ffn.w_norm,update.ffn.max_matrix_ratio,update.norm.ratio,update.norm.w_norm,update.norm.max_matrix_ratio,mixer.recall_mean,mixer.recall_min_head,mixer.recall_headavg_dist,mixer.recall_all_queries,mixer.effective_sparsity,mixer.density,mixer.indexer_kl_dense,mixer.sparse_phase,mixer.top_k,grad_norm.indexer,update.indexer.ratio,update.indexer.w_norm,update.indexer.max_matrix_ratio
40,0,kda,0.076278455555439,0.3620604872703552,0.05605287477374077,0.02457929588854313,0.8617847561836243,0.1601581573486328,0.2138683795928955,0.9964443445205688,0.33204254508018494,0.9387210011482239,0.9958357810974121,-0.17195427417755127,0.23399044573307037,-1.5423945188522339,-0.0035619873087853193,-1.102492094039917,-0.06323697417974472,-0.004172965418547392,10.939805030822754,0.5009704828262329,0.07510349154472351,0.2436424344778061,0.7648916244506836,0.33111974596977234,0.49868008494377136,0.6749081611633301,1.5556741952896118,2.2961037158966064,0.49948716163635254,0.04602550347973732,0.014983166007843869,0.0005249671736953108,0.04840576230899972,0.0003784605427670828,82.14830732888902,0.008546780441480955,0.005513951011299223,12.386345882839137,0.012871581881290816,0.00010613225370715662,22.639835272543603,0.0,,,,,,,,,,,,,
40,1,kda,0.17063061892986298,0.7184582948684692,0.08067844063043594,0.05194772779941559,0.8376960754394531,0.1852702647447586,0.1607205718755722,0.9957073926925659,0.27112188935279846,0.9239743947982788,0.9946083426475525,-0.21173329651355743,0.2895415723323822,-1.8280880451202393,-0.0043018534779548645,-1.3051867485046387,-0.07907088100910187,-0.005406225565820932,8.751764297485352,0.47987282276153564,0.09441263228654861,0.22541658580303192,0.7866228222846985,0.3048688769340515,0.4869414269924164,0.6522414088249207,1.7024290561676025,2.2000274658203125,0.4994276762008667,0.02608441791082357,0.0109112098637843,0.00025076300049673393,0.028275682847996003,0.0003840817662769464,80.78501502286596,0.00864508229109164,0.0052816274705945205,12.403325431848295,0.013758341622279692,9.5759715841933e-05,22.646909328166338,0.0,,,,,,,,,,,,,
40,2,kda,0.2275107502937317,1.0042724609375,0.04679154232144356,0.06136627495288849,0.8492693901062012,0.16113413870334625,0.2982610762119293,0.9942899942398071,0.3408340513706207,0.9173087477684021,0.9921839833259583,-0.1869121491909027,0.23326914012432098,-1.209786057472229,-0.005726391915231943,-1.0763596296310425,-0.08631119132041931,-0.007846756838262081,8.05282974243164,0.4921155571937561,0.07737638056278229,0.22541658580303192,0.7431679368019104,0.3557748794555664,0.4945375621318817,0.6406359076499939,1.4798202514648438,1.926048994064331,0.49967241287231445,0.024314575086750792,0.008079849756679913,0.0003404754958312306,0.025624177202459093,0.00045973522639779403,80.70945680375559,0.009515818121924128,0.005368008273880568,12.437503586717819,0.01180369331517698,0.00013368909946514593,22.65177659990157,0.0,,,,,,,,,,,,,
40,3,dsa,0.7725368738174438,2.0363292694091797,0.5354750752449036,0.0632086917757988,,,,,,,,,,,,,,,,,,,,,,,,,,0.02716742268570931,0.007097109566926351,0.0001966717305744406,0.028173040130306005,0.006083298427427597,9.106633256513847,0.01822599376606133,0.003956150822775345,12.35932685826067,0.011708172552192697,0.00011243546134718131,22.635163904115426,0.0,0.03549582976847887,0.03263913094997406,0.035495832562446594,0.043031021021306515,0.9921875,0.045688748359680176,0.013121699914336205,1.0,128.0,0.002289910658797659,0.004799400935666882,6.277785007695028,0.011769984003432238
40,4,kda,1.0236247777938843,2.5120849609375,0.14400069415569305,0.13053390383720398,0.9317082166671753,0.08717112988233566,0.5341460704803467,0.9985469579696655,0.606794536113739,0.9655429124832153,0.9981560111045837,-0.07583107054233551,0.1050366461277008,-0.6270858645439148,-0.0014541071141138673,-0.499565064907074,-0.035064756870269775,-0.001845646882429719,19.86327362060547,0.500836968421936,0.060322120785713196,0.2885690927505493,0.6601723432540894,0.40497803688049316,0.5053098797798157,0.6029970645904541,2.189678907394409,2.97239351272583,0.497043639421463,0.02452626912305839,0.010630189300044248,0.0001423681223441593,0.026731237725435057,0.0004245857341392752,80.09982531111051,0.01020073832085974,0.004984549096552441,12.405953814098783,0.015485978856180277,8.273497784033238e-05,22.627457204067422,0.0,,,,,,,,,,,,,
40,5,kda,1.3015923500061035,3.174730062484741,0.17591190338134766,0.1274590790271759,0.8320020437240601,0.18575017154216766,0.199736550450325,0.9948354363441467,0.3119547367095947,0.916094183921814,0.9941749572753906,-0.21833957731723785,0.2867511808872223,-1.6107560396194458,-0.005177951883524656,-1.1648972034454346,-0.08763611316680908,-0.0058420742861926556,7.867129325866699,0.418455570936203,0.0737837553024292,0.27904197573661804,0.6817267537117004,0.3225259780883789,0.4059196412563324,0.545285701751709,2.348830223083496,3.506335496902466,0.49532556533813477,0.02561795046038327,0.009539390570424527,0.00011610810261842505,0.027336657428026007,0.00035153639577972687,79.69359346812053,0.010939467582137874,0.00567683617516949,12.407192981431951,0.016114551571122116,9.701242239651596e-05,22.622546218022038,0.0,,,,,,,,,,,,,
40,6,kda,1.7092829942703247,4.01262092590332,0.22819948196411133,0.21631906926631927,0.8783023357391357,0.1451999694108963,0.3580281138420105,0.9976559281349182,0.4053143262863159,0.9454035758972168,0.9971675276756287,-0.14747777581214905,0.20170459151268005,-1.0271438360214233,-0.002346812281757593,-0.9030924439430237,-0.0561433807015419,-0.0028364709578454494,12.244161605834961,0.4572736620903015,0.044215127825737,0.34510529041290283,0.6242935061454773,0.39187127351760864,0.45181018114089966,0.5367985367774963,2.4431815147399902,3.256093978881836,0.5002298355102539,0.02705385029285697,0.015420757621222133,9.940585544639211e-05,0.03114033498222032,0.0003447182220787547,78.75387664475198,0.011922959602178169,0.006270565735021888,12.400314214539435,0.019171583541859886,0.00010519712220753389,22.623266008702366,0.0,,,,,,,,,,,,,
40,7,dsa,2.988386631011963,6.49894905090332,1.1394352912902832,0.22356002032756805,,,,,,,,,,,,,,,,,,,,,,,,,,0.0670569121395864,0.01811560335528189,0.00021284001498167538,0.0695321265701044,0.005324291944173882,9.14976637069007,0.02569678896702074,0.00604198104691056,12.3892736341117,0.01870430797069353,0.00013772810359657776,22.648671351396256,0.0,0.03135074209421873,0.02841670624911785,0.03135073930025101,0.03891831450164318,0.9921875,0.045688748359680176,0.045137304812669754,1.0,128.0,0.003141142127782384,0.0030075026074418633,6.332054301854813,0.01044356753228584
40,8,kda,3.5054123401641846,7.36808967590332,0.2297254055738449,0.31665509939193726,0.8474352955818176,0.15271587669849396,0.4181663990020752,0.9941336512565613,0.47434625029563904,0.9132097959518433,0.993617594242096,-0.18483424186706543,0.20550301671028137,-0.8718758821487427,-0.005883637350052595,-0.7458177804946899,-0.09078966081142426,-0.006402825936675072,7.565352916717529,0.5091804265975952,0.021536774933338165,0.4510846734046936,0.561214804649353,0.47037166357040405,0.5127536058425903,0.5399537086486816,2.7716827392578125,3.9753854274749756,0.4979760944843292,0.02787726610555141,0.023179334063569264,0.0001185788654240557,0.03625517279089417,0.00041897785778069685,77.90152733753342,0.012856517331290422,0.00659435585199429,12.388550579739123,0.020506825075834175,0.00010836568118980986,22.616694662219672,0.0,,,,,,,,,,,,,
40,9,kda,4.013422012329102,8.25871467590332,0.22422869503498077,0.3141551911830902,0.8694236278533936,0.16513876616954803,0.25394538044929504,0.9969541430473328,0.27362149953842163,0.9464343190193176,0.9966581463813782,-0.166358083486557,0.2557210922241211,-1.370635986328125,-0.0030505338218063116,-1.2960095405578613,-0.055053647607564926,-0.0033474331721663475,12.590394973754883,0.41646236181259155,0.05929068848490715,0.333720326423645,0.509276270866394,0.3363310694694519,0.4073334038257599,0.5071101188659668,3.647886037826538,4.4525837898254395,0.49983954429626465,0.027257442127068553,0.025311431058322793,0.00011106177186689891,0.03719743308681245,0.0003400478871990841,79.85944631885127,0.013336492842083797,0.006777414801432195,12.365261017678545,0.020328617537735533,0.0001118508801426279,22.612381874827406,0.0,,,,,,,,,,,,,
40,10,kda,4.620260715484619,9.34660530090332,0.21882586181163788,0.4295750856399536,0.8696672916412354,0.18162238597869873,0.2196858674287796,0.9980461001396179,0.24676722288131714,0.9511840343475342,0.9978519082069397,-0.17328378558158875,0.2915605306625366,-1.5155566930770874,-0.001955832354724407,-1.3993098735809326,-0.05004770681262016,-0.00215044803917408,13.75951099395752,0.4711472988128662,0.05517904832959175,0.3937346339225769,0.5583269596099854,0.39793843030929565,0.4489169120788574,0.541893720626831,2.5661492347717285,3.2932181358337402,0.4984036684036255,0.029189304670524656,0.03299369647304987,0.00016495378397185785,0.044052545032668686,0.00042008350187985253,79.35083091753503,0.01371151708278775,0.007267610557540801,12.383841103203666,0.02170950311629233,0.00011443643301229159,22.61702797773525,0.0,,,,,,,,,,,,,
40,11,dsa,6.287851810455322,11.99894905090332,1.3347610235214233,0.4203006625175476,,,,,,,,,,,,,,,,,,,,,,,,,,0.07675885924202835,0.031229550121017635,0.0002845581912276221,0.08286910308590813,0.005469380686506717,9.184968734801936,0.02578402273748198,0.007530171491868388,12.399031525146766,0.021987768936537085,0.00013744881337224033,22.654015127975544,0.0,0.029616144951432943,0.027233902364969254,0.02961614541709423,0.037197268567979336,0.9921875,0.045688748359680176,0.07086296379566193,1.0,128.0,0.0,0.0004667937500130723,6.34221464515192,0.0014011334573410222
50,0,kda,0.09327670931816101,0.40706944465637207,0.06690796464681625,0.029459884390234947,0.8618724942207336,0.1601032167673111,0.21286790072917938,0.996439516544342,0.33182191848754883,0.938664436340332,0.9958515763282776,-0.17182451486587524,0.233827143907547,-1.5470834970474243,-0.003566819243133068,-1.1031568050384521,-0.06329717487096786,-0.004157047253102064,10.932036399841309,0.5056600570678711,0.07321885973215103,0.23792988061904907,0.7662936449050903,0.3380771279335022,0.5049132108688354,0.6592954993247986,1.5900803804397583,2.230781078338623,0.49979496002197266,0.04816603795543569,0.0163981233835864,0.0005678204585349982,0.05088406511768616,0.0002525901898854566,82.14953780351829,0.00651048144681264,0.0024713878340737023,12.391209743676022,0.007096499824407457,4.647050694971362e-05,22.6359430019516,0.0,,,,,,,,,,,,,
50,1,kda,0.22918422520160675,0.9163607954978943,0.09298315644264221,0.08999831229448318,0.8373768329620361,0.18582898378372192,0.17304964363574982,0.9956348538398743,0.27426865696907043,0.9231271147727966,0.9946750402450562,-0.21239407360553741,0.29074519872665405,-1.7541767358779907,-0.004374725744128227,-1.2936471700668335,-0.0799882784485817,-0.005339178256690502,8.639579772949219,0.4890878200531006,0.114658422768116,0.22135066986083984,0.793105959892273,0.2950267493724823,0.49551400542259216,0.6749081611633301,1.677037239074707,2.213855743408203,0.4996117949485779,0.037618309555291045,0.01974919083452052,0.0005008193792473417,0.04249021737372781,0.0002559238689595861,80.78574121310369,0.006656707462506934,0.002482274604938359,12.418416577839347,0.006983801765094615,4.765077105893304e-05,22.648334367644093,0.0,,,,,,,,,,,,,
50,2,kda,0.3049977123737335,1.3180187940597534,0.05761650577187538,0.07615596055984497,0.8488818407058716,0.1613418012857437,0.3005843460559845,0.9940701723098755,0.3397522270679474,0.9174728393554688,0.991931140422821,-0.18750908970832825,0.23414839804172516,-1.2020268440246582,-0.0059475041925907135,-1.0795385837554932,-0.08613231778144836,-0.008101551793515682,8.060108184814453,0.5075671076774597,0.07589439302682877,0.27125170826911926,0.7461389899253845,0.3789186179637909,0.5033034682273865,0.671470582485199,1.542437195777893,1.9309357404708862,0.4995264410972595,0.046962956120860405,0.01532257913881461,0.000630517895367595,0.04940342328109941,0.00025270654665486347,80.70956902574892,0.006854473297843284,0.002494614077577365,12.44396057717663,0.006738739499276935,4.4935673910085365e-05,22.64792797334545,0.0,,,,,,,,,,,,,
50,3,dsa,0.6145467162132263,2.44968581199646,0.32733505964279175,0.08610524982213974,,,,,,,,,,,,,,,,,,,,,,,,,,0.021353831646013833,0.011603300276536756,0.00046712717171101803,0.08438178859090036,0.002587152493748155,9.100716178820614,0.007619601562128435,0.0021820206100379444,12.374791115116588,0.006089033796898563,5.008893727433792e-05,22.631325536050305,0.0,0.03675906453281641,0.03505442664027214,0.036759063601493835,0.044284384697675705,0.9921875,0.045688748359680176,0.013207342475652695,1.0,128.0,0.08080498335332463,0.002921978921951313,6.2758172496234135,0.008033885004146929
50,4,kda,0.8502970337867737,3.30124831199646,0.08819343894720078,0.19808004796504974,0.9316282868385315,0.08714723587036133,0.529516875743866,0.9985509514808655,0.6033828854560852,0.9652930498123169,0.9981793165206909,-0.0759173035621643,0.1050574779510498,-0.6357903480529785,-0.0014501373516395688,-0.5052033066749573,-0.03532356396317482,-0.001822387333959341,19.64181900024414,0.5054755210876465,0.05526527389883995,0.3073579967021942,0.6791787147521973,0.38444983959198,0.49603280425071716,0.6178585886955261,2.2753500938415527,2.887852907180786,0.49752068519592285,0.023339350402230726,0.014278580667227524,0.0002637939093919567,0.0273618846261595,0.00023940536749353993,80.09942609237788,0.005461791025153169,0.002569712324934066,12.43110248175483,0.007387962654466471,4.7394517109347645e-05,22.630535295881312,0.0,,,,,,,,,,,,,
50,5,kda,1.1149873733520508,4.293282508850098,0.1024436354637146,0.20528428256511688,0.831919252872467,0.1857105940580368,0.19889388978481293,0.9948926568031311,0.3107243478298187,0.9157539010047913,0.9941137433052063,-0.21845659613609314,0.28693491220474243,-1.6149837970733643,-0.005120463203638792,-1.1688491106033325,-0.08800759166479111,-0.005903644021600485,7.774723052978516,0.4184485375881195,0.0742054358124733,0.23792988061904907,0.7025300860404968,0.308190256357193,0.4234579801559448,0.5431056022644043,2.1656951904296875,3.37323260307312,0.49626970291137695,0.03411710183934438,0.01482973192550727,0.00036959101965414854,0.037202609914096275,0.0002298660225510991,79.69378072643367,0.00535082467994389,0.002725877590651774,12.437649500037729,0.007465988478701891,5.0251235423159697e-05,22.62622492619974,0.0,,,,,,,,,,,,,
50,6,kda,1.6017946004867554,5.566720008850098,0.21375073492527008,0.32743674516677856,0.878407895565033,0.1450457125902176,0.35666561126708984,0.9976773858070374,0.4087248742580414,0.9450696706771851,0.9972000122070312,-0.14731347560882568,0.20143894851207733,-1.0309566259384155,-0.002325370442122221,-0.8947130441665649,-0.056496672332286835,-0.0028039433527737856,11.949633598327637,0.4572853744029999,0.06059487909078598,0.333720326423645,0.6540113687515259,0.37570643424987793,0.48090529441833496,0.5462540984153748,2.3270926475524902,2.8543317317962646,0.5023429989814758,0.041371020965919485,0.028673164866757986,0.00038426955803826546,0.050337455461436156,0.00025284057279670124,78.75328518451508,0.006166841899723532,0.0029231954953099688,12.438136971524942,0.008369533528681809,5.170785421053144e-05,22.627323929033267,0.0,,,,,,,,,,,,,
50,7,dsa,2.8069229125976562,8.476876258850098,1.010542631149292,0.28810402750968933,,,,,,,,,,,,,,,,,,,,,,,,,,0.09248076180732355,0.029880580367169854,0.0006631107687052499,0.0971905896401716,0.002945120810444599,9.136359133329112,0.008770025114303429,0.002653928641327351,12.419241751019182,0.008104535954748391,5.541219649397868e-05,22.643683458769175,0.0,0.03373883292078972,0.03181802108883858,0.03373882919549942,0.04128774721175432,0.9921875,0.045688748359680176,0.022427821531891823,1.0,128.0,0.00017496048367704253,0.0014492164457824582,6.332504539698387,0.0032403202442277184
50,8,kda,3.4280309677124023,9.836251258850098,0.2327909916639328,0.42511287331581116,0.847180962562561,0.1530831754207611,0.41323038935661316,0.994472086429596,0.4720616936683655,0.9108059406280518,0.9935541152954102,-0.18527597188949585,0.20637470483779907,-0.8837500214576721,-0.005543250124901533,-0.750645637512207,-0.09342541545629501,-0.006466759368777275,7.405491828918457,0.49601608514785767,0.031166523694992065,0.4378235340118408,0.5525397062301636,0.4411914050579071,0.5055235028266907,0.5363128781318665,2.869385242462158,4.323008060455322,0.5000176429748535,0.04356476526962456,0.04180871292040408,0.00035066153980044143,0.060381952705868526,0.0002449567138902715,77.90280142508014,0.006069988699627218,0.0028269113270441887,12.426846138671566,0.008630988999109331,5.056999994592015e-05,22.62122988600706,0.0,,,,,,,,,,,,,
50,9,kda,4.020893096923828,11.148751258850098,0.22921186685562134,0.3971186578273773,0.8694469928741455,0.16553492844104767,0.2508874535560608,0.9971049427986145,0.27035996317863464,0.946384847164154,0.9966397881507874,-0.16658248007297516,0.25730767846107483,-1.3827508687973022,-0.002899298444390297,-1.3080010414123535,-0.055105987936258316,-0.0033658798784017563,12.580334663391113,0.412105917930603,0.06576082855463028,0.33111974596977234,0.5236639380455017,0.3363310694694519,0.39163923263549805,0.5212274789810181,3.4268548488616943,4.416193008422852,0.5016987919807434,0.0421332262508874,0.044170728475503,0.0003204164357715858,0.06104395690858671,0.00024047384915248837,79.86072388664736,0.006358027180636483,0.0027701275695613233,12.399435751772074,0.008488355149211868,4.8001609965072236e-05,22.61564617587052,0.0,,,,,,,,,,,,,
50,10,kda,4.767132759094238,12.824532508850098,0.23418806493282318,0.5581530928611755,0.8697102069854736,0.1814495176076889,0.21697019040584564,0.9980111122131348,0.25714123249053955,0.9508283734321594,0.9978749752044678,-0.17307049036026,0.29058271646499634,-1.5279953479766846,-0.0019908410031348467,-1.358129858970642,-0.05042169615626335,-0.0021273011807352304,13.703810691833496,0.4573110342025757,0.06538978219032288,0.37983831763267517,0.5751108527183533,0.3839877247810364,0.4373428225517273,0.5693738460540771,2.3611373901367188,3.0194618701934814,0.501251220703125,0.045784440578576766,0.05862831776840298,0.0004282260446588632,0.07438869551881783,0.00023189030945900457,79.35193815134745,0.006563915706369936,0.002888309345697351,12.426675075485072,0.009010243302567522,4.758303232671534e-05,22.623317826298866,0.0,,,,,,,,,,,,,
50,11,dsa,6.509684085845947,16.27765655517578,1.310808777809143,0.5248903632164001,,,,,,,,,,,,,,,,,,,,,,,,,,0.11375108088678793,0.05537868217679564,0.0007942201350506317,0.12651773641736574,0.002681653559501058,9.188779830335188,0.007814899122539971,0.002959124815951807,12.442923216473032,0.009261401131741825,5.306618086994154e-05,22.663240802526012,0.0,0.03247959353029728,0.030395399779081345,0.03247959539294243,0.04003834445029497,0.9921875,0.045688748359680176,0.03415556252002716,1.0,128.0,0.0,0.0010321032287363818,6.340108177026742,0.003060554809575487
59,0,kda,0.09630753844976425,0.41651806235313416,0.07086382806301117,0.02780044637620449,0.8619056940078735,0.16007806360721588,0.21221795678138733,0.99643474817276,0.33072221279144287,0.9386730194091797,0.9958553910255432,-0.17177611589431763,0.2337772399187088,-1.550141453742981,-0.0035716525744646788,-1.1064765453338623,-0.06328809261322021,-0.004153236746788025,10.931768417358398,0.5062583684921265,0.07318557798862457,0.23792988061904907,0.7676898241043091,0.3372035324573517,0.5068965554237366,0.6584175229072571,1.607043981552124,2.2407641410827637,0.4998776912689209,0.14722981056102585,0.027522431583889423,0.0020076870576793927,0.1497936319255495,2.6631617673064507e-05,82.14998334249483,0.0006835757595273996,0.0002352963909228052,12.390851708424684,0.0006705810222923307,4.404470124892821e-06,22.633988267094562,0.0,,,,,,,,,,,,,
59,1,kda,0.231432244181633,0.9407639503479004,0.10170933604240417,0.08301249146461487,0.8372832536697388,0.18601542711257935,0.1839650273323059,0.9956535696983337,0.27508610486984253,0.9227604866027832,0.9946632981300354,-0.212621808052063,0.2913176417350769,-1.693009614944458,-0.004355849698185921,-1.2906711101531982,-0.08038559556007385,-0.005350956693291664,8.597683906555176,0.49170592427253723,0.11942596733570099,0.22815649211406708,0.7969253659248352,0.28937169909477234,0.49502578377723694,0.6842640042304993,1.6424455642700195,2.1395225524902344,0.4996013045310974,0.09145640349420844,0.0330840663722942,0.001075300647109357,0.0972624565765409,2.783403807488328e-05,80.78593642429335,0.0008123851683561065,0.00026952834327795353,12.418652196561917,0.0007662452963574635,5.367215826091671e-06,22.647100168878932,0.0,,,,,,,,,,,,,
59,2,kda,0.31200528144836426,1.3898650407791138,0.059738460928201675,0.07642745971679688,0.8488012552261353,0.16144424676895142,0.3000580072402954,0.9941164255142212,0.33984366059303284,0.9176071882247925,0.9919319748878479,-0.18764108419418335,0.23433764278888702,-1.2037794589996338,-0.005900959484279156,-1.079269528388977,-0.08598589897155762,-0.008100771345198154,8.0750093460083,0.5173898339271545,0.07030756771564484,0.2901756167411804,0.7279754281044006,0.39140594005584717,0.5150406360626221,0.6619228720664978,1.5676249265670776,1.870680332183838,0.49947232007980347,0.0849810378538394,0.02659480171524169,0.0010204531119473398,0.08905111789047003,3.4303102059468116e-05,80.70976107902838,0.0009321409695626719,0.0003079786475935142,12.446209831265287,0.0008790505502036301,5.5620422131669205e-06,22.64719776161105,0.0,,,,,,,,,,,,,
59,3,dsa,0.41526326537132263,2.4224071502685547,0.3118446469306946,0.0592479333281517,,,,,,,,,,,,,,,,,,,,,,,,,,0.060977371610884665,0.03153315440567456,0.001378882720302892,0.08237774683853434,0.0002888045645438204,9.097506533487643,0.0008969893109829799,0.0003268570268767262,12.38121796289574,0.0009184693825640356,5.811385303125867e-06,22.631543711877082,0.0,0.03896968998014927,0.03733881935477257,0.03896968811750412,0.04647773876786232,0.9921875,0.045688748359680176,0.01295329350978136,1.0,128.0,0.04551496656368395,0.00025648559840607684,6.277599394146563,0.0006343965943224747
59,4,kda,0.5794672966003418,3.2720165252685547,0.08959276229143143,0.1479702591896057,0.9314601421356201,0.0874682292342186,0.5261509418487549,0.9985760450363159,0.5989089608192444,0.9653871655464172,0.9981938004493713,-0.0761522650718689,0.10570663213729858,-0.6421671509742737,-0.0014249730156734586,-0.5126456618309021,-0.03522610664367676,-0.001807857071980834,19.68427276611328,0.45398610830307007,0.06445618718862534,0.29178744554519653,0.685949444770813,0.3486451208591461,0.4433594048023224,0.6081287264823914,2.0692245960235596,2.717146158218384,0.49828481674194336,0.06773886051377363,0.03553487576641465,0.0010177257318777179,0.07650043388834034,3.7581965335941234e-05,80.09944054426222,0.0008597922708841199,0.0002881503002652003,12.438146646092893,0.0008841262497142778,5.446573944343102e-06,22.631745006901177,0.0,,,,,,,,,,,,,
59,5,kda,0.7625520825386047,4.160688400268555,0.07854011654853821,0.1558721512556076,0.8323745131492615,0.18507802486419678,0.1990896463394165,0.9950516223907471,0.3064941167831421,0.9149901866912842,0.994160532951355,-0.21758422255516052,0.28540095686912537,-1.6140000820159912,-0.0049606626853346825,-1.1825567483901978,-0.0888420045375824,-0.005856617353856564,7.789377689361572,0.4506605267524719,0.09371867030858994,0.2613309323787689,0.7431679368019104,0.30985841155052185,0.4588336646556854,0.6808785796165466,1.5438077449798584,2.122825860977173,0.49757885932922363,0.05286692887765302,0.02898165647183782,0.0010159998367139608,0.060298265617467345,3.558181742829925e-05,79.6933779729109,0.0007632820873260225,0.00025440856258635393,12.444822553872543,0.0007751108173869811,4.6683389726914925e-06,22.627253230540553,0.0,,,,,,,,,,,,,
59,6,kda,1.1163275241851807,5.504438400268555,0.15664389729499817,0.258430153131485,0.8782041072845459,0.1458262950181961,0.33154603838920593,0.997832715511322,0.4073912799358368,0.9462683200836182,0.9971225261688232,-0.1478269249200821,0.20329968631267548,-1.103988528251648,-0.0021696630865335464,-0.8979811668395996,-0.055229105055332184,-0.002881621476262808,12.466813087463379,0.46450114250183105,0.06976794451475143,0.28696784377098083,0.7325918078422546,0.35042136907577515,0.4693986475467682,0.6315943002700806,1.9364322423934937,2.4140260219573975,0.5015879273414612,0.05125436433502216,0.03805471693534304,0.001900828289124608,0.06386536222868397,3.238031801647374e-05,78.7528084540125,0.0007713110105416616,0.00027965683836587773,12.450152156771736,0.0007601527301419879,4.618803101394366e-06,22.629530710176077,0.0,,,,,,,,,,,,,
59,7,dsa,1.9547245502471924,8.359907150268555,0.7166610956192017,0.24085967242717743,,,,,,,,,,,,,,,,,,,,,,,,,,0.051226616637468296,0.028837944877685335,0.0011575562694854029,0.061494726260183936,0.00021092252029766836,9.129860747883288,0.0005678628299636959,0.00024170896679510853,12.430569869945062,0.0007011364882027483,3.410651835144302e-06,22.643739321898348,0.0,0.035662880167365074,0.03380158171057701,0.035662878304719925,0.043196762911975384,0.9921875,0.045688748359680176,0.01065533421933651,1.0,128.0,0.01801299820705507,0.00023561507255996203,6.332040817113936,0.0005588663411004219
59,8,kda,2.475851535797119,9.779829025268555,0.21896202862262726,0.39264583587646484,0.8473337888717651,0.1528652459383011,0.37820062041282654,0.9945236444473267,0.4721927046775818,0.9108346700668335,0.9934253096580505,-0.18502309918403625,0.20596091449260712,-0.9723304510116577,-0.005491375923156738,-0.7503681778907776,-0.09339387714862823,-0.006596390623599291,7.421721935272217,0.48558861017227173,0.0535191148519516,0.2845759987831116,0.6731916666030884,0.36931508779525757,0.4982757568359375,0.6127732396125793,2.57917857170105,3.964777708053589,0.4999833405017853,0.05943149798903874,0.044608124294795305,0.0004375425524141838,0.0743113662221749,2.1894093920473853e-05,77.90295904405593,0.0005578906820732329,0.00021313889492821823,12.440722254160265,0.000640126990347005,2.8003183262710504e-06,22.623742452500235,0.0,,,,,,,,,,,,,
59,9,kda,2.999230146408081,11.140180587768555,0.22221677005290985,0.37107938528060913,0.8695178031921387,0.16560734808444977,0.2431630790233612,0.997116208076477,0.2708986699581146,0.9457994699478149,0.9965779781341553,-0.16655263304710388,0.2576427757740021,-1.4140229225158691,-0.002887988230213523,-1.3060104846954346,-0.055724743753671646,-0.0034278640523552895,12.4489164352417,0.4053318500518799,0.06940334290266037,0.26971012353897095,0.5501240491867065,0.29828691482543945,0.39187127351760864,0.5284117460250854,3.1005988121032715,4.128636837005615,0.5017101764678955,0.055388934915482295,0.049872383968991754,0.0003565503242623586,0.07453399172160184,1.485716179297643e-05,79.86106920810039,0.0005232558305379325,0.00018123705928414245,12.412373199517907,0.0005926382063813438,2.338620597662089e-06,22.618329160667592,0.0,,,,,,,,,,,,,
59,10,kda,3.675152540206909,12.882368087768555,0.23103924095630646,0.517223596572876,0.8697327375411987,0.18134795129299164,0.21237759292125702,0.9979962706565857,0.26206764578819275,0.9508224725723267,0.9978833198547363,-0.17294998466968536,0.29001346230506897,-1.5493894815444946,-0.0020057607907801867,-1.3391525745391846,-0.05042792111635208,-0.0021189700346440077,13.732521057128906,0.45031052827835083,0.07316874712705612,0.3486451208591461,0.5940803289413452,0.3674972355365753,0.42441198229789734,0.5822535157203674,2.1094915866851807,2.6680843830108643,0.5016664266586304,0.059860344335933,0.06504669180368931,0.000480436293946928,0.08840002125369173,1.4839134315363942e-05,79.352079147851,0.0005208157795143427,0.00017440804995834053,12.441842470399546,0.0005903428081098625,2.2063452639990118e-06,22.626145467051437,0.0,,,,,,,,,,,,,
59,11,dsa,5.291778564453125,16.366743087768555,1.2380973100662231,0.5112776160240173,,,,,,,,,,,,,,,,,,,,,,,,,,0.1314219181056767,0.06627628387748866,0.0012265931106447657,0.14719297161836137,0.0001600466931736937,9.182480350984262,0.0006353881182342369,0.0001687084652504788,12.460475730525586,0.0005978423513957505,2.844402413877388e-06,22.664220838257652,0.0,0.03340581525117159,0.031527597457170486,0.033405814319849014,0.04095733258873224,0.9921875,0.045688748359680176,0.024228278547525406,1.0,128.0,0.0,4.3966713233528755e-05,6.339903203339774,0.00013059454168501405
