step,layer,type,act.act_rms,act.act_absmax,act.mixer_out_rms,act.ffn_out_rms,grad_norm.mixer,grad_norm.ffn,grad_norm.norm,grad_norm.total,update.mixer.ratio,update.mixer.w_norm,update.mixer.max_matrix_ratio,update.ffn.ratio,update.ffn.w_norm,update.ffn.max_matrix_ratio,update.norm.ratio,update.norm.w_norm,update.norm.max_matrix_ratio
0,0,softmax,0.02093089185655117,0.09345255047082901,0.0023654468823224306,0.005750411655753851,0.3781016035984535,0.12058140061334566,0.0015493401520981283,0.39686659883707165,0.006848976814507032,8.915654977831377,0.029421562543792516,0.007268860687712419,12.122115625464541,0.029400416191851783,0.00011978880605224719,22.627416997969522,0.0
0,1,softmax,0.021925175562500954,0.11393697559833527,0.0031032366678118706,0.00572678679600358,0.3785690011462238,0.09954426415158174,0.0014482418001584001,0.3914404763928243,0.0068147438430184925,8.930392426481081,0.029341254614168342,0.007263713168353089,12.126908709405866,0.02936685734948216,0.00011983620433266481,22.627416997969522,0.0
0,2,softmax,0.023192845284938812,0.11795851588249207,0.004838478285819292,0.005729223135858774,0.3617094523990982,0.09561824362549419,0.0013835514007960086,0.37413699453991245,0.0067996974157491195,8.929905777712268,0.02946899035555077,0.007254478997905571,12.139030351975775,0.02944044159379358,0.00011988067281123093,22.627416997969522,0.0
0,3,softmax,0.025095896795392036,0.15631672739982605,0.007058880291879177,0.005784477572888136,0.3206291125667184,0.08980423738960616,0.001513687909594741,0.3329716506394167,0.006748324483921916,8.933076126647885,0.029219478769735886,0.0072471559184938165,12.14767789943224,0.029332290967092008,0.00011971777326792311,22.627416997969522,0.0
0,4,softmax,0.02757350727915764,0.15328268706798553,0.009253186173737049,0.005561353173106909,0.2727281840363354,0.07907680365441314,0.0011460725272077357,0.28396323129270357,0.006729936038259913,8.912633222132314,0.02942886128120678,0.007262499056270246,12.118947723596323,0.02942023490578279,0.00011977778990006463,22.627416997969522,0.0
0,5,softmax,0.03102867491543293,0.18523213267326355,0.011840203776955605,0.005625361111015081,0.24781727877535165,0.06146460183310832,0.001052738667330702,0.2553280423236441,0.006639596393318526,8.95621799504557,0.02940994837754997,0.007247966730945228,12.140131258613499,0.02940836502622758,0.00011971824912770173,22.627416997969522,0.0
0,6,softmax,0.03496596962213516,0.1930827796459198,0.01309277769178152,0.005719276145100594,0.2385560805847387,0.06843781279292303,0.0009382639563122926,0.2481806159696668,0.0065958887210351555,8.945448249584805,0.02932340947475646,0.007260126117856053,12.118217904261975,0.029404408987271622,0.00011974403409160296,22.627416997969522,0.0
0,7,softmax,0.03916644677519798,0.21170973777770996,0.015273827128112316,0.0057629807852208614,0.22232111965081613,0.056754009654235806,0.0008900301991658419,0.22945258771341198,0.006548272067313127,8.928087403453528,0.029413613081267494,0.00725230514656525,12.128495158458552,0.029273555509985314,0.00011975919144631972,22.627416997969522,0.0
0,8,softmax,0.043450549244880676,0.21363234519958496,0.015758270397782326,0.0056593711487948895,0.20123158471992275,0.054256245115606415,0.0008454382136607347,0.20841930234196002,0.006534070561206553,8.937964465467042,0.029299940674107305,0.007244411533101343,12.140120238281233,0.02939274294396697,0.00011956845922640749,22.627416997969522,0.0
0,9,softmax,0.04738433286547661,0.24018263816833496,0.017079226672649384,0.005672361236065626,0.18578968077797742,0.05105857512176238,0.0008844501332747185,0.19267995699886808,0.006514043139940065,8.910639517975087,0.029437955076717728,0.0072455383840176885,12.136722877570648,0.02928187377317726,0.00011963659116424968,22.627416997969522,0.0
0,10,softmax,0.05135425552725792,0.27958083152770996,0.017072979360818863,0.0058386055752635,0.174494040616491,0.05153459434211694,0.0008410472098498672,0.18194694827087746,0.006438090901109533,8.944237208815213,0.029456501529832944,0.007248295976301998,12.13149196123318,0.02936474865069761,0.00011963645773586931,22.627416997969522,0.0
0,11,softmax,0.05501817911863327,0.29721999168395996,0.017888246104121208,0.005634932313114405,0.18975987103776182,0.04646645994453849,0.000800159455501376,0.19536780904539935,0.006420339985517372,8.938067864994556,0.029367061333549476,0.00723349002044288,12.151555593099063,0.02934726043839642,0.0001195958268758636,22.627416997969522,0.0
10,0,softmax,0.026529084891080856,0.1326669454574585,0.007433914113789797,0.011990074999630451,0.01520682809606813,0.009755605719379473,0.00018453994738257287,0.01806802475888099,0.009156358907688431,8.94918267563249,0.034424669053905635,0.009723564020833016,12.19315218688858,0.03550722587918092,0.00017111803425138395,22.631774599147864,0.0
10,1,softmax,0.07608284056186676,0.3902854323387146,0.0353277213871479,0.033686213195323944,0.034296906969720764,0.018484337458816842,0.00021504252593404746,0.03896145277410816,0.008764969549729308,8.965024776631438,0.03245600883793706,0.009801408783665555,12.20688824686744,0.03597255484264319,0.0001857239447993762,22.635900633967903,0.0
10,2,softmax,0.17932461202144623,0.6881369948387146,0.08370789885520935,0.041093360632658005,0.04995930295951027,0.019767207153089217,0.00028511034673840636,0.053728537284604076,0.008707763627122011,8.963972635908407,0.032552470434577145,0.009487484526725458,12.212666791930394,0.03510953297357753,0.0001513374587488282,22.632037316613207,0.0
10,3,softmax,0.32106518745422363,1.0396995544433594,0.1295364648103714,0.039499010890722275,0.05329335240218295,0.018073401488172002,0.00022988467721001045,0.056275057517347175,0.009215291141674695,8.972210590209787,0.032547078484547985,0.009275898805933748,12.20922242730294,0.03449762221780271,0.00014968396940303797,22.62776465276581,0.0
10,4,softmax,0.4461185336112976,1.3725144863128662,0.11659974604845047,0.03487618640065193,0.05319497623717919,0.016478097362264126,0.0002213491037070648,0.05568915679896785,0.009663888843330158,8.950417495203729,0.03225795095826244,0.009084429347133681,12.180674515681861,0.0338948071936113,0.0001466320773650603,22.625819074535247,0.0
10,5,softmax,0.5875654220581055,1.6103696823120117,0.12804794311523438,0.0401490181684494,0.05204799030207391,0.01787039595220156,0.00022587197080336735,0.0550308582898762,0.009789618582206523,8.998804132773337,0.032855165244619434,0.009142306894183527,12.196435242865467,0.03463621076318661,0.00015080391531264328,22.623987935512545,0.0
10,6,softmax,0.7505165338516235,1.8081235885620117,0.14921149611473083,0.04360008239746094,0.055366638052192725,0.018021208511934353,0.00023062249739996176,0.05822612602749249,0.009935342224491701,8.986320530683415,0.03352937808244637,0.009331169330859802,12.176576628349416,0.034641937297146236,0.000162315170837923,22.626795249111346,0.0
10,7,softmax,0.9100857377052307,1.9888067245483398,0.13327473402023315,0.0544159822165966,0.05240944719886654,0.021423870299980052,0.0002517269205323522,0.05661974691539753,0.0095989084665773,8.968388512191318,0.03420521311038028,0.009312937204286697,12.183155735872404,0.034649816755565443,0.00017662503921986002,22.6213471783817,0.0
10,8,softmax,1.069871187210083,2.22464656829834,0.13450655341148376,0.0515790618956089,0.05169705653195481,0.020234914329177348,0.0002447234895284816,0.055516639861969364,0.009206496881883805,8.973335809262874,0.03473450523309482,0.009380583366865211,12.194718369806248,0.03512964034454707,0.0001639616633031585,22.623608970717374,0.0
10,9,softmax,1.244923710823059,2.354128360748291,0.15188223123550415,0.05101051926612854,0.056833766924048165,0.019691399824779753,0.0002633425528718887,0.06014896207863042,0.009944029274363138,8.955125075271408,0.03517881060021066,0.009557079624934335,12.189693913527753,0.03514324512087176,0.00017824802389748403,22.624665681291972,0.0
10,10,softmax,1.453073501586914,2.6931257247924805,0.17409095168113708,0.06557707488536835,0.059856837819316416,0.023340987690030672,0.0002550161227534187,0.06424723942160453,0.010120576528749363,8.989764885765414,0.03585497293319831,0.009652941246400442,12.18452593201788,0.03571053043329257,0.00018185479045061052,22.625363509925382,0.0
10,11,softmax,1.6485689878463745,3.0671491622924805,0.1636725217103958,0.0625297948718071,0.05692924611954614,0.021634373693595995,0.0002907116666528495,0.0609021321640478,0.009120934375004995,8.974436462465324,0.03616200401344735,0.009773112635584554,12.207994318813412,0.0362260043397091,0.00017482960679676254,22.627203271013496,0.0
20,0,softmax,0.04007563367486,0.22161506116390228,0.013356797397136688,0.027156777679920197,0.0191588886833375,0.014106900524171503,0.0003653436217890287,0.02379498127633997,0.004362935728372407,9.00502527061548,0.013873963434331348,0.005896230548467629,12.31141686369097,0.017084738099805895,0.00012586594018202193,22.64309002736077,0.0
20,1,softmax,0.18001070618629456,0.7968307733535767,0.07289916276931763,0.09700598567724228,0.022833312484208654,0.017135363510845884,0.0002985535603660544,0.02854943039499658,0.00448086080275796,9.018342401368349,0.013564245112825293,0.0054652765362575816,12.326945991735478,0.017202279338878773,0.00011179017627900321,22.64725912020547,0.0
20,2,softmax,0.3605310618877411,1.2978073358535767,0.1401577740907669,0.07606172561645508,0.02674560756317127,0.01137196966293209,0.00018737734176923557,0.0290634534803767,0.004087235931419647,9.01581931777022,0.013424191752182051,0.004603882093905807,12.30759229050751,0.014989179603154735,8.175003557591616e-05,22.630370016517343,0.0
20,3,softmax,0.6030978560447693,1.8358932733535767,0.2149760127067566,0.0738440528512001,0.028863751016123727,0.010479799910296184,0.0001677695461238889,0.030707824336823897,0.0041683250215582964,9.034020839755211,0.01377655446406094,0.00448582691965591,12.290661473174561,0.014724525202730938,8.981554719041431e-05,22.62226923175325,0.0
20,4,softmax,0.8360216617584229,2.2619857788085938,0.20425167679786682,0.07213219255208969,0.029351165690175884,0.01051094612883413,0.00017988954946964095,0.031176967077402182,0.004329375676604436,9.016774559748049,0.013792347407952073,0.00454596340393914,12.258373497761992,0.015020034887456539,9.340476292681988e-05,22.618059895051562,0.0
20,5,softmax,1.1104964017868042,2.721733570098877,0.24023430049419403,0.07876545190811157,0.031008719129962923,0.011595157019164472,0.00017376416401639462,0.03310617045755525,0.004374428627394354,9.069775327884303,0.014560302678133089,0.004823961397356488,12.267512641386856,0.015507307003604991,0.000113456140444274,22.615610407796904,0.0
20,6,softmax,1.4447177648544312,3.300835132598877,0.2877458930015564,0.09552043676376343,0.033901156173159114,0.01286562225910082,0.0002067485994102831,0.03626093450221812,0.004595330829343006,9.059570679512234,0.01519373989728224,0.005119330576404918,12.248411199389967,0.01605901696551339,0.00012908983727108074,22.620600407177555,0.0
20,7,softmax,1.7857853174209595,3.648491382598877,0.27065232396125793,0.11297673732042313,0.03330998731254786,0.014260489528210922,0.00024340819352543496,0.03623501157575348,0.004477582194966479,9.03528959062076,0.015559464437936182,0.005245735126053663,12.253717235336415,0.016556616492883775,0.00012085224052025702,22.612505489930708,0.0
20,8,softmax,2.1290571689605713,3.9432835578918457,0.27041295170783997,0.11178485304117203,0.03212442643141062,0.013638961463281642,0.00022279302812258032,0.03490056847785398,0.004372179865536287,9.034150324319866,0.01573249005596759,0.005533776114178096,12.265607776076187,0.01725513869912366,0.0001346521302410337,22.61492953978647,0.0
20,9,softmax,2.5189576148986816,4.333908557891846,0.30984532833099365,0.12199185788631439,0.0360304266225769,0.015702814711907043,0.00022814596099954824,0.039304224748249426,0.004735901931512175,9.030478321333465,0.016406307884962102,0.005846385752773102,12.262425065689111,0.017685407310480787,0.00014562611046335558,22.61923686836532,0.0
20,10,softmax,3.002765417098999,4.702709674835205,0.37468385696411133,0.15933644771575928,0.03988409233516328,0.01941530583647498,0.0002590026204787377,0.04435946352787762,0.004899266549462887,9.067878873253646,0.017253748813197245,0.005952625887687877,12.258341392889395,0.018407890708276347,0.00015669105600285414,22.620383612657534,0.0
20,11,softmax,3.442889928817749,5.288647174835205,0.35286810994148254,0.13330785930156708,0.03803079601719271,0.015311362202544955,0.0002775294504565226,0.04099824728930145,0.004193307538943738,9.032476852277437,0.01704767330907817,0.0061645861442863,12.282508977612073,0.01904761294664526,0.00015258994891291096,22.621811065468,0.0
30,0,softmax,0.05892535299062729,0.48438453674316406,0.016583241522312164,0.04486475884914398,0.026026922191535056,0.017299941673519528,0.0008567203251349482,0.03126375905720387,0.006160597538139282,9.041159773380357,0.012611334194314408,0.006764178046599492,12.4049743929739,0.016301486037543444,0.00019993152181501972,22.656491125408607,0.0
30,1,softmax,0.22573572397232056,1.0523850917816162,0.12678852677345276,0.09791500121355057,0.020614490109824402,0.0157733177655977,0.0004974204553934847,0.025961552013159996,0.00791236189465104,9.056471461165478,0.014043853750976014,0.0075260028380568075,12.4113994425865,0.01795991167668546,0.00020268086713137365,22.658632734135878,0.0
30,2,softmax,0.4193701148033142,1.5885179042816162,0.14616528153419495,0.10346975177526474,0.020724990377277222,0.0099340590361169,0.00022880634826831576,0.02298397501339351,0.007224838913870137,9.052572401661822,0.012787864964352968,0.005651411556167229,12.365864204152505,0.01503502248103025,0.00013538400039539355,22.63076177313989,0.0
30,3,softmax,0.6186003088951111,2.063127279281616,0.1811874508857727,0.08790713548660278,0.021333024793488774,0.009033476203101791,0.0001700460134395754,0.02316744601371286,0.005499977494464694,9.075682829774994,0.010968712403777149,0.004702307581438361,12.338112756127103,0.01271947993581588,0.00011880501023196593,22.61904363203285,0.0
30,4,softmax,0.8440223336219788,2.486952304840088,0.2115376889705658,0.07924602180719376,0.023558564078773353,0.008062182403716782,0.00014873893374100515,0.024900338347799235,0.0046855927673959035,9.061617892725607,0.010065757450742533,0.004432293090044501,12.299804471455273,0.011420424843517327,0.00011019629953637025,22.612362194270045,0.0
30,5,softmax,1.1351629495620728,3.0723724365234375,0.27233704924583435,0.08626143634319305,0.02563809947606553,0.009056490397614664,0.00014807178844280006,0.027191066332919914,0.0035589746748616357,9.114211396162727,0.01033006084221858,0.004240460484621901,12.305264066952606,0.01129143984887896,0.00011233919919958307,22.608495628735476,0.0
30,6,softmax,1.5183712244033813,3.8751068115234375,0.3446459174156189,0.10543382167816162,0.028986080404851147,0.009918585260966313,0.0001578427840162228,0.030636515878278647,0.003894846590967956,9.108062783728537,0.011160945751251648,0.004223160727566424,12.284222143980964,0.011194503774913047,0.00011309610071739315,22.613006344170653,0.0
30,7,softmax,1.9344044923782349,4.4815521240234375,0.3426007926464081,0.12897349894046783,0.028366105845377344,0.011366689583408031,0.00015651454806587078,0.030559157215480658,0.0037550663653324163,9.079255093767081,0.011211637022980336,0.004237517919102292,12.288727052231135,0.011773696358264838,0.00013639101388224667,22.603141940472852,0.0
30,8,softmax,2.3428778648376465,4.9825286865234375,0.3403516709804535,0.11545262485742569,0.027638280812781857,0.010337601700063353,0.00014456787967637277,0.02950866779553378,0.003419237023706861,9.07211714734971,0.011389669461146792,0.00430325410222569,12.296868790116172,0.0116468639651545,0.00012722141550127462,22.60171472500567,0.0
30,9,softmax,2.8087944984436035,5.2935638427734375,0.3943135738372803,0.11884231865406036,0.030750078206409463,0.01124517770789593,0.00014447567778788132,0.032742055595272726,0.0039236521950857875,9.078007912190538,0.012107008299977443,0.004707772113651954,12.290493759831387,0.011930885679658386,0.0001513980735838169,22.60345897308436,0.0
30,10,softmax,3.386305809020996,5.789738178253174,0.4776252508163452,0.1551661193370819,0.03404023970933948,0.01320683560220216,0.00013328506740536633,0.036512685343618324,0.0038129826722161897,9.116665965685343,0.013021706349555868,0.004551769004412362,12.286556413145501,0.012708635830733414,0.00013424890390515188,22.602945621830624,0.0
30,11,softmax,3.91876482963562,6.530949115753174,0.4456041157245636,0.13562791049480438,0.03192269223410541,0.010799053553318479,0.0001567590033160902,0.033700184131633094,0.0030003125914959588,9.065163396533357,0.012891267249804333,0.004832885559608099,12.309941634180905,0.012840934886410353,0.00014450629625764204,22.603588408659586,0.0
39,0,softmax,0.1502407193183899,1.350134015083313,0.0186533834785223,0.14100918173789978,0.2424156892670898,0.08487475067225209,0.006496431086711774,0.2569266302300709,0.00843941184735095,9.069305035039411,0.02217585942891746,0.009981380418075635,12.50843314380373,0.024086539393561483,0.00024757859343404326,22.680819450182472,0.0
39,1,softmax,0.4796109199523926,3.0083370208740234,0.1603330373764038,0.278599351644516,0.07733083066741982,0.06854048900773482,0.0027645535601945725,0.10337068618094668,0.008958625944242878,9.109667075126891,0.0222954843260931,0.009730657967146856,12.505128401310012,0.024666363398909083,0.00017288311298126026,22.681385795490854,0.0
39,2,softmax,0.7400937676429749,3.6030635833740234,0.1888839453458786,0.1584213376045227,0.05156149204502239,0.03917922741715427,0.0009340888159846724,0.06476474229725729,0.007163299573616086,9.101626354030886,0.01978493142952793,0.007938917133948554,12.417294249641133,0.020308896754987062,0.000166506753412862,22.641268348001955,0.0
39,3,softmax,0.9537230134010315,4.118688583374023,0.16333603858947754,0.12231011688709259,0.04790992200134914,0.031782206994715415,0.0007424021980677508,0.05749800404060989,0.007902810593227885,9.120358876040065,0.01805624612122955,0.007839459688415571,12.37435571923665,0.020020516831747222,0.00016579544132424328,22.621457949002593,0.0
39,4,softmax,1.1530975103378296,4.441930770874023,0.16776001453399658,0.10513050109148026,0.043126708474441056,0.0246714876647597,0.0005720757600969732,0.049688253723662965,0.008293878743171283,9.106156809770601,0.016532043104871375,0.007789713081566719,12.326986822639617,0.01968978460462252,0.00017255882374635762,22.609816484330587,0.0
39,5,softmax,1.3645890951156616,4.903844833374023,0.2186267077922821,0.08056433498859406,0.04475858231024079,0.019306711295088208,0.0005502127065046427,0.04874815407250705,0.008818207058392783,9.150821458112551,0.016390909869285673,0.007594995411848831,12.325491702172751,0.01916790244575695,0.00016344175931297226,22.601389281363847,0.0
39,6,softmax,1.6280666589736938,5.335973739624023,0.2745681405067444,0.08364174515008926,0.04629193820053888,0.01835053098487565,0.0004967793868930866,0.049798918859234625,0.009894084520929554,9.15391297417087,0.016181443899594097,0.007511451140321208,12.29963264810847,0.018471656343499877,0.00016621611318604903,22.602813331833914,0.0
39,7,softmax,1.9240164756774902,5.760290145874023,0.291976660490036,0.08753923326730728,0.04763612205593769,0.015821042382830934,0.0005245809609197823,0.05019741718248147,0.01034074361115698,9.121729552290063,0.016239199798161703,0.007183251135581063,12.298197465780676,0.016871400418605294,0.00016670986844113838,22.588637619564995,0.0
39,8,softmax,2.2160842418670654,6.189001083374023,0.2891541123390198,0.07221978157758713,0.0465625678218947,0.01401337360859735,0.0004900012143212603,0.04862805222556948,0.00999941627938199,9.104742279004176,0.016411995647973264,0.00697247371208958,12.303697114450207,0.016826387192442657,0.00017155780092530608,22.583840213817787,0.0
39,9,softmax,2.5651540756225586,6.551305770874023,0.34996578097343445,0.07038730382919312,0.050382334385645385,0.013758179766194907,0.00047644692558749575,0.0522292459288742,0.010553068863432088,9.123579701195169,0.01627589453693412,0.006533549163725494,12.296474639216841,0.01610047506762005,0.00016798359631123438,22.583136650453024,0.0
39,10,softmax,3.0248498916625977,7.149144172668457,0.4439622461795807,0.09617011249065399,0.05696968153638388,0.016365302576849573,0.0005121475090052094,0.059275880743012314,0.01036199946781712,9.160338142783099,0.01700897208615077,0.006025852715098559,12.290397615800467,0.015312305789882933,0.00016375768774033793,22.582841978713457,0.0
39,11,softmax,3.4635579586029053,7.948460578918457,0.41868337988853455,0.08586104959249496,0.05521075491297259,0.014167863016315773,0.00046095744809453165,0.0570014761412226,0.007913989899892575,9.079587806646687,0.017056289894628315,0.0058829289112838,12.314890021145349,0.01507086570955943,0.0001584243620273187,22.582317266400068,0.0
