step,time,tokens_seen,data_index,data_batch,data_epoch,lr,lr_frac,lr_scale,loss,valid_tokens,aux_loss,loss_by_source.fineweb_edu,loss_by_source.finepdfs_edu,loss_by_source.code,loss_by_row_type.trunk,mean_segment_len,loss_nonfinite,grad_nonfinite,grad_norm,grad_clipped,skipped,spike,step_time,data_time,tokens_per_sec,tokens_per_sec_per_gpu,peak_mem_gb,peak_mem_reserved_gb,loss_ema,segment,loss_by_source.books,loss_by_source.math
0,1790384816.647269,16384,0,0,0,0.00011999999999999999,0.2,1.0,11.810956872595126,16373,0.0,11.839156826652816,11.838808760683762,11.726753281440782,11.810956872595126,1489.4545454545455,0,0,12.585176467895508,1,0,0,0.9667852101847529,0.053977119037881494,16946.887299681603,16946.887299681603,5.634251594543457,6.921875,11.810956872595126,0,,
1,1790384817.01775,32768,1,1,0,0.00023999999999999998,0.4,1.0,11.696422981186243,16371,0.0,11.670898079391273,11.694379578754578,,11.696422265362532,1260.3076923076924,0,0,7.2795023918151855,1,0,0,0.1116039592307061,2.2080959752202034e-05,146804.82765070396,146804.82765070396,5.951351165771484,6.96484375,11.808666194766948,0,11.749457226800978,
2,1790384817.1269274,49152,2,2,0,0.00035999999999999997,0.6,1.0,11.583302952449303,16372,0.0,11.488712837631386,,11.767878128815628,11.583303429635963,1365.3333333333333,0,0,5.726166248321533,1,0,0,0.10759430495090783,1.609697937965393e-05,152275.7176365008,152275.7176365008,5.951351165771484,6.96484375,11.804158929920595,0,,11.587725122100123
3,1790384817.236929,65536,3,3,0,0.00047999999999999996,0.8,1.0,11.496167470836133,16373,0.0,11.367789930343395,,11.624435286935286,11.496167470836133,1489.4545454545455,0,0,1.4800087213516235,1,0,0,0.10814113193191588,1.46450474858284e-05,151505.7194917761,151505.7194917761,5.951351165771484,6.96484375,11.797999100738906,0,,
4,1790384817.346766,81920,4,4,0,0.0006,1.0,1.0,11.347806967338217,16380,0.0,11.305192116910867,,11.534527625152625,11.347806967338217,4096.0,0,0,2.130138874053955,1,0,0,0.1082932569552213,1.6144011169672012e-05,151292.8917335518,151292.8917335518,5.951351165771484,6.96484375,11.788995258070893,0,11.275754063644689,
5,1790384817.4571915,98304,5,5,0,0.0006,1.0,1.0,11.202097077148617,16371,0.0,11.110590065668907,11.293591478591498,,11.202096361324903,1260.3076923076924,0,0,1.9475927352905273,1,0,0,0.10856197215616703,1.7754966393113136e-05,150918.4079341477,150918.4079341477,5.951351165771484,6.96484375,11.777257294452447,0,,
6,1790384817.5677595,114688,6,6,0,0.0006,1.0,1.0,10.999729319431713,16365,0.0,10.999729319431713,,,10.999729319431713,862.3157894736842,0,0,1.5355863571166992,1,0,0,0.10896349092945457,1.6110949218273163e-05,150362.28979307733,150362.28979307733,5.951351165771484,6.96484375,11.761706734952032,0,,
7,1790384817.681418,131072,7,7,0,0.0006,1.0,1.0,11.113640700372473,16377,0.0,10.984333028083029,10.93571297653959,11.267193223443224,11.113640700372473,2340.5714285714284,0,0,1.3021113872528076,1,0,0,0.11181228491477668,1.4821067452430725e-05,146531.30478898526,146531.30478898526,5.951351165771484,6.96484375,11.74874541426044,0,,
8,1790384817.7912624,147456,8,8,0,0.0006,1.0,1.0,10.736009863597483,16367,0.0,10.72962608197556,10.755159648399315,,10.736009863597483,963.7647058823529,0,0,1.3514107465744019,1,0,0,0.10827724006958306,1.5691854059696198e-05,151315.27169949125,151315.27169949125,5.951351165771484,6.96484375,11.728490703247182,0,,
9,1790384817.9012022,163840,9,9,0,0.0006,1.0,1.0,10.63779454308134,16376,0.0,10.564177378480704,10.579337054116785,,10.63779454308134,2048.0,0,0,1.3442851305007935,1,0,0,0.10805009584873915,1.5505123883485794e-05,151633.36849729586,151633.36849729586,5.951351165771484,6.96484375,11.706676780043866,0,10.843421855921855,
10,1790384818.5376227,180224,10,10,0,0.0006,1.0,1.0,10.356326545415675,16371,0.0,10.359044387931737,,,10.35632630680777,1260.3076923076924,0,0,1.4623979330062866,1,0,0,0.1102130189538002,1.92900188267231e-05,148657.57381047652,148657.57381047652,5.951351165771484,6.96484375,11.679669775351302,0,10.348178037240537,
11,1790384818.7632537,196608,11,11,0,0.0006,1.0,1.0,10.271646360083059,16374,0.0,10.296857339778837,,,10.271646837211433,1638.4,0,0,1.270098090171814,1,0,0,0.10803406708873808,1.631001941859722e-05,151655.86598292508,151655.86598292508,5.951351165771484,6.96484375,11.651509307045938,0,10.212457074175823,10.280452533577533
12,1790384818.873078,212992,12,12,0,0.0006,1.0,1.0,10.246473282442748,16375,0.0,10.086810437041565,,10.893136637667888,10.246473043893129,1820.4444444444443,0,0,1.2106857299804688,1,0,0,0.10823695105500519,1.671910285949707e-05,151371.59574712868,151371.59574712868,5.951351165771484,6.96484375,11.623408586553873,0,10.002875076312577,
13,1790384818.983047,229376,13,13,0,0.0006,1.0,1.0,9.946680021857423,16356,0.0,9.946680499510883,,,9.946680499510883,585.1428571428571,0,0,1.2997512817382812,1,0,0,0.10810095095075667,1.536402851343155e-05,151562.03396826194,151562.03396826194,5.951351165771484,6.96484375,11.589874015259944,0,,
14,1790384819.0927558,245760,14,14,0,0.0006,1.0,1.0,9.711413400439909,16367,0.0,9.7012539979221,9.741857448107448,,9.711412923107472,963.7647058823529,0,0,1.3564406633377075,1,0,0,0.10814943700097501,1.5890924260020256e-05,151494.08498402347,151494.08498402347,5.951351165771484,6.96484375,11.552304802963544,0,,
15,1790384819.2030768,262144,15,15,0,0.0006,1.0,1.0,9.712192713744424,16363,0.0,9.697145902958917,9.757270680708181,,9.712192713744424,780.1904761904761,0,0,1.3243894577026367,1,0,0,0.10849569505080581,1.4664838090538979e-05,151010.59993511986,151010.59993511986,5.951351165771484,6.96484375,11.515502561179161,0,,
16,1790384819.3132436,278528,16,16,0,0.0006,1.0,1.0,9.857183357260675,16369,0.0,9.531474947273505,,10.182455261752137,9.85718383453479,1092.2666666666667,0,0,1.0677382946014404,1,0,0,0.10860004997812212,1.6152160242199898e-05,150865.4922654328,150865.4922654328,5.951351165771484,6.96484375,11.482336177100791,0,,
17,1790384819.4236364,294912,17,17,0,0.0006,1.0,1.0,9.312750492396482,16374,0.0,9.242642847324047,9.38280773046398,,9.312750969524856,1638.4,0,0,1.3880622386932373,1,0,0,0.10854284698143601,1.5642959624528885e-05,150944.99965347454,150944.99965347454,5.951351165771484,6.96484375,11.438944463406704,0,,
18,1790384819.5335412,311296,18,18,0,0.0006,1.0,1.0,9.158759047459077,16372,0.0,9.24523152957712,,8.610214438339439,9.158758808865747,1365.3333333333333,0,0,1.8620357513427734,1,0,0,0.10833027004264295,1.547113060951233e-05,151241.19965315907,151241.19965315907,5.951351165771484,6.96484375,11.393340755087753,0,,9.534526671245422
19,1790384819.6436765,327680,19,19,0,0.0006,1.0,1.0,9.113937503819592,16363,0.0,9.046807189792176,9.315181789030051,,9.113937742544154,780.1904761904761,0,0,1.3491101264953613,1,0,0,0.10826135193929076,1.5154946595430374e-05,151337.47830146796,151337.47830146796,5.951351165771484,6.96484375,11.34775269006239,0,,
20,1790384821.1439626,344064,20,20,0,0.0006,1.0,1.0,8.971971181765388,16359,0.0,8.971971181765388,,,8.971971181765388,655.36,0,0,1.2852650880813599,1,0,0,0.1101535209454596,2.0758016034960747e-05,148737.86928801142,148737.86928801142,5.951351165771484,6.96484375,11.30023705989645,0,,
21,1790384821.3637865,360448,21,21,0,0.0006,1.0,1.0,8.9381827105231,16364,0.0,8.794854218457086,,,8.938182949233072,819.2,0,0,1.3031423091888428,1,0,0,0.10824036621488631,1.6418984159827232e-05,151366.81972669368,151366.81972669368,5.951351165771484,6.96484375,11.252995972908982,0,,9.367609126984126
22,1790384821.473809,376832,22,22,0,0.0006,1.0,1.0,9.128513310786051,16373,0.0,8.764228239948674,8.541937576312577,10.443034569597069,9.128512833628534,1489.4545454545455,0,0,1.258996844291687,1,0,0,0.10846411692909896,1.5540048480033875e-05,151054.56499230917,151054.56499230917,5.951351165771484,6.96484375,11.210506319666523,0,,
23,1790384821.5840375,393216,23,23,0,0.0006,1.0,1.0,9.326222909035408,16380,0.0,8.357787698412698,8.796786286630036,10.075158825549451,9.326222909035408,4096.0,0,0,0.9738009572029114,0,0,0,0.10829828400164843,1.571793109178543e-05,151285.86894092077,151285.86894092077,5.951351165771484,6.96484375,11.1728206514539,0,,
24,1790384821.7284503,409600,24,24,0,0.0006,1.0,1.0,8.573465867412434,16359,0.0,8.573465628629501,,,8.573465628629501,655.36,0,0,1.1692808866500854,1,0,0,0.13957448792643845,1.5724916011095047e-05,117385.34916664031,117385.34916664031,5.951351165771484,6.96484375,11.120833555773071,0,,
25,1790384821.8421211,425984,25,25,0,0.0006,1.0,1.0,9.632328155539946,16372,0.0,8.898369706367637,,10.36556871947497,9.632327678353287,1365.3333333333333,0,0,0.7668733596801758,0,0,0,0.11133329407311976,1.729908399283886e-05,147161.72854132537,147161.72854132537,5.951351165771484,6.96484375,11.09106344776841,0,,
26,1790384821.953087,442368,26,26,0,0.0006,1.0,1.0,9.145423848161943,16376,0.0,8.511178310620876,,9.796692803724055,9.145423609626892,2048.0,0,0,1.0346293449401855,1,0,0,0.1093852580524981,1.5388010069727898e-05,149782.52363894138,149782.52363894138,5.951351165771484,6.96484375,11.05215065577628,0,8.47651098901099,
27,1790384822.0644326,458752,27,27,0,0.0006,1.0,1.0,9.396669739373397,16374,0.0,8.248723709953534,8.254813415750915,10.54072992979243,9.396669739373397,1638.4,0,0,0.957816481590271,0,0,0,0.10912975599057972,1.730094663798809e-05,150133.20474586505,150133.20474586505,5.951351165771484,6.96484375,11.019041037448224,0,,
28,1790384822.17503,475136,28,28,0,0.0006,1.0,1.0,8.363600643944023,16364,0.0,8.339130570441764,,,8.36360040523405,819.2,0,0,1.0582401752471924,1,0,0,0.10863812896423042,1.631118357181549e-05,150812.61207466584,150812.61207466584,5.951351165771484,6.96484375,10.96593222957814,0,8.4369143009768,
29,1790384822.287738,491520,29,29,0,0.0006,1.0,1.0,8.43966873358177,16369,0.0,8.490737698655257,8.638402807462139,,8.439668972218827,1092.2666666666667,0,0,0.9691500663757324,0,0,0,0.10969137796200812,1.5285098925232887e-05,149364.51984106388,149364.51984106388,5.951351165771484,6.96484375,10.915406959658213,0,8.138970924908424,
30,1790384822.9580085,507904,30,30,0,0.0006,1.0,1.0,8.348804136113657,16365,0.0,8.348803897418271,,,8.348803897418271,862.3157894736842,0,0,1.0783393383026123,1,0,0,0.11050344002433121,2.0055100321769714e-05,148266.87745098694,148266.87745098694,5.951351165771484,6.96484375,10.864074903187323,0,,
31,1790384823.177941,524288,31,31,0,0.0006,1.0,1.0,8.179016016340867,16370,0.0,8.029838401589242,8.03271710927961,,8.179016254963347,1170.2857142857142,0,0,0.8505609035491943,0,0,0,0.10790279903449118,1.656683161854744e-05,151840.36138638857,151840.36138638857,5.951351165771484,6.96484375,10.810373725450393,0,,8.623306814713064
32,1790384823.2872794,540672,32,32,0,0.0006,1.0,1.0,8.109919458368994,16358,0.0,8.109918503178873,,,8.109918503178873,630.1538461538462,0,0,0.9454628229141235,0,0,0,0.10769986198283732,1.4716992154717445e-05,152126.47164404814,152126.47164404814,5.951351165771484,6.96484375,10.756364640108766,0,,
33,1790384823.3970644,557056,33,33,0,0.0006,1.0,1.0,8.814920142918218,16373,0.0,8.233364318653798,8.431479296493157,10.360624618437118,8.814920381496977,1489.4545454545455,0,0,0.7587031722068787,0,0,0,0.1079133830498904,1.6126083210110664e-05,151825.46906555016,151825.46906555016,5.951351165771484,6.96484375,10.717535750164954,0,,
34,1790384823.5069458,573440,34,34,0,0.0006,1.0,1.0,8.161894058604254,16364,0.0,8.076957040481624,8.416537190019545,,8.161893581184307,819.2,0,0,0.7257485389709473,0,0,0,0.10828030202537775,1.5238067135214806e-05,151310.99279867235,151310.99279867235,5.951351165771484,6.96484375,10.66642291633374,0,,
35,1790384823.6166716,589824,35,35,0,0.0006,1.0,1.0,8.097691802577728,16371,0.0,8.031475446246741,,,8.097691444665873,1260.3076923076924,0,0,0.7776229381561279,0,0,0,0.107816579984501,1.5357043594121933e-05,151961.78549120418,151961.78549120418,5.951351165771484,6.96484375,10.61504829405862,0,8.29619391025641,
36,1790384823.7260075,606208,36,36,0,0.0006,1.0,1.0,8.425340699077468,16368,0.0,8.102968024321681,,9.391514995421245,8.425340937729105,1024.0,0,0,0.5567530393600464,0,0,0,0.10781686916016042,1.6700010746717453e-05,151961.37791445048,151961.37791445048,5.951351165771484,6.96484375,10.571254142158997,0,,
37,1790384823.8356786,622592,37,37,0,0.0006,1.0,1.0,8.545289682115362,16366,0.0,7.96391676768397,,10.28742177960928,8.545289920796163,910.2222222222222,0,0,0.6042873859405518,0,0,0,0.10780155705288053,1.4958903193473816e-05,151982.9624720825,151982.9624720825,5.951351165771484,6.96484375,10.530734852958124,0,,
38,1790384823.9456015,638976,38,38,0,0.0006,1.0,1.0,8.792876408741067,16371,0.0,7.837857925730172,8.956080694172979,10.538154380341881,8.792875931525257,1260.3076923076924,0,0,2.676919460296631,1,0,0,0.10834855097346008,1.571490429341793e-05,151215.681730836,151215.681730836,5.951351165771484,6.96484375,10.495977684073782,0,,
39,1790384824.0574965,655360,39,39,0,0.0006,1.0,1.0,8.471924812202271,16374,0.0,8.033362544293745,8.39506353021978,9.425267094017094,8.471924573638084,1638.4,0,0,0.9401321411132812,0,0,0,0.11006555310450494,1.5320954844355583e-05,148856.745256563,148856.745256563,5.951351165771484,6.96484375,10.455496626636352,0,,
