run,arch,stage,pattern,params_M,non_emb_M,steps,tokens_B,train_loss_last50,tok_per_s_median,tok_per_s_per_gpu_median,peak_mem_gb_max,nonfinite_steps,skipped_steps,spikes,grad_norm_median,val_loss_final,val_final_is_full,val_loss_best_periodic,val_by_group.fineweb_edu/long,val_by_group.fineweb_edu/short,val_by_group.finepdfs_edu/long,val_by_group.books/long,val_by_group.code/long,val_by_group.code/short,val_by_group.math/short,val_by_pos.0-64,val_by_pos.64-256,val_by_pos.256-1024,val_by_pos.1024-4096,rollbacks,ratio_alerts,restarts,orphaned_step_records,val_by_pos.4096-8192,val_by_pos.8192-16384,val_loss@4096,val_by_group@4096.fineweb_edu/long,val_by_group@4096.fineweb_edu/short,val_by_group@4096.finepdfs_edu/long,val_by_group@4096.books/long,val_by_group@4096.code/long,val_by_group@4096.code/short,val_by_group@4096.math/short,val_by_pos@4096.0-64,val_by_pos@4096.64-256,val_by_pos@4096.256-1024,val_by_pos@4096.1024-4096,val_loss@16384,val_by_group@16384.fineweb_edu/long,val_by_group@16384.fineweb_edu/short,val_by_group@16384.finepdfs_edu/long,val_by_group@16384.books/long,val_by_group@16384.code/long,val_by_group@16384.code/short,val_by_group@16384.math/short,val_by_pos@16384.0-64,val_by_pos@16384.64-256,val_by_pos@16384.256-1024,val_by_pos@16384.1024-4096,val_by_pos@16384.4096-8192,val_by_pos@16384.8192-16384,sparse_minus_dense
dense_trunk_smoke,dense,trunk,FFFFFFFFFFFF,42.473728,9.640192,40,0.00065536,9.604375394753475,151228.44069199753,151228.44069199753,5.951351165771484,0,0,0,1.277681589126587,8.51073000691645,True,8.51073000691645,8.042779861468826,7.899006132084479,8.366261882106608,7.868352712554373,9.520602711361988,9.736950370592949,8.14044642788979,8.344995821533546,8.335501790542162,8.354588678810154,8.603589215094134,0,1,0,0,,,,,,,,,,,,,,,,,,,,,,,,,,,,,
dense_s2_16k_smoke,dense,s2_16k,FFFFFFFFFFFF,42.473728,9.640192,60,0.00131072,8.461100085165388,99591.90775947901,99591.90775947901,4.309906005859375,0,0,0,0.9037017524242401,8.391916179772494,True,8.391916179772494,8.02029691839483,7.897810920126161,8.277281042086308,7.681219075222792,9.287341608870475,9.497145313453908,8.081943023868225,8.3135194241122,8.267385271790523,8.227318774310474,8.61625831559799,0,0,0,0,8.294701257284181,8.317664988461743,8.392557064804052,8.014844480335203,7.898108935800489,8.28545907082284,7.679180140605922,9.292327426262974,9.497145283644308,8.080255012186324,8.263340982439857,8.246918691324314,8.26304279185023,8.46926833944657,,,,,,,,,,,,,,,
dense_s2_4k_smoke,dense,s2_4k,FFFFFFFFFFFF,42.473728,9.640192,60,0.00131072,8.447922644939403,156868.38319460535,156868.38319460535,5.991757392883301,0,0,0,0.8404674530029297,8.38935979525835,True,8.38935979525835,8.013842072911897,7.895165284620379,8.278936312981724,7.666992992359203,9.298487118079404,9.495235471993285,8.076280127631941,8.270916362823904,8.24476089434531,8.26001949518321,8.46541838374828,0,0,0,0,,,,,,,,,,,,,,,8.389223078320438,8.016691928656993,7.894977409236009,8.27835136841543,7.667759107668773,9.292085951329122,9.495235591231685,8.079084783434215,8.324718326399546,8.266029407388471,8.22399428575636,8.61353588843051,8.292209969823908,8.314211892088922,
dsa_trunk_smoke,dsa,trunk,SSSSSSSSSSSS,42.775552,9.942016,40,0.00065536,9.61782881238737,54894.89661479012,54894.89661479012,11.75145149230957,0,0,0,1.3331193327903748,8.570806031391376,True,8.570806031391376,8.055397162245306,7.917000646267759,8.38844478546627,7.882661782661783,9.684371735848787,9.952315013545482,8.114667882714507,8.358341155131917,8.367869298713856,8.397076385978844,8.676278247838976,0,1,0,0,,,,,,,,,,,,,,,,,,,,,,,,,,,,,-0.00010508162488065409
dsa_s2_16k_smoke,dsa,s2_16k,SSSSSSSSSSSS,42.775552,9.942016,60,0.00131072,8.542398785341312,12257.169216519327,12257.169216519327,11.229875564575195,0,0,0,1.7848972082138062,8.526115440661826,True,8.526115440661826,8.084391380356163,8.012300165051473,8.345702052050907,7.78682116895181,9.445101963544527,9.774280634729854,8.23385065233072,8.899649634714548,8.440130960286835,8.366143806466305,8.771377976013026,0,0,0,0,8.387184061532993,8.415814573835059,8.527967544101998,8.086079811030983,8.010879407510311,8.337887181991185,7.7889003506801355,9.46124731117407,9.774280664539454,8.23590643179285,8.738394097052819,8.400987901910886,8.385055146782388,8.593625440483528,,,,,,,,,,,,,,,0.02837308674234329
dsa_s2_4k_smoke,dsa,s2_4k,SSSSSSSSSSSS,42.775552,9.942016,60,0.00131072,8.516907435379375,55355.09946167104,55355.09946167104,11.796862602233887,0,0,0,1.2109351754188538,8.450238483878517,True,8.450238483878517,8.067564636155945,7.95709971082054,8.319585667425024,7.724600596072764,9.373900219517894,9.599605052607982,8.10872378437364,8.30178251902392,8.29826308879896,8.318474164139694,8.529462235202038,0,0,0,0,,,,,,,,,,,,,,,8.45123540339558,8.068361461289904,7.957690823462702,8.327410773553378,7.72690798960813,9.367563032182751,9.599605201655983,8.110729251742221,8.351615997288064,8.320722352973029,8.28446282136318,8.682822119695752,8.353615628555556,8.372650553546586,0.010503590110667815
kda_full_trunk_smoke,kda_full,trunk,KKKFKKKFKKKF,42.810724,9.977188,40,0.00065536,9.717371647466095,76701.86803370023,76701.86803370023,6.737143039703369,0,0,0,1.2599414587020874,8.588607593804484,True,8.588607593804484,8.063609468602145,7.915698025869806,8.397385563926091,7.868848580347604,9.733599488348023,9.993180100064865,8.147137156263598,8.36997345253266,8.37821254513701,8.411430358219244,8.696672643438069,0,1,0,0,,,,,,,,,,,,,,,,,,,,,,,,,,,,,
kda_full_s2_16k_smoke,kda_full,s2_16k,KKKFKKKFKKKF,42.810724,9.977188,60,0.00131072,8.613133978459484,74131.5345850025,74131.5345850025,4.276952743530273,0,0,0,0.8683051466941833,8.486699822008916,True,8.486699822008916,8.077158988166087,7.95886862895589,8.318686684081822,7.73905633650354,9.490284267132852,9.7126219808837,8.109810674294526,8.361656446650505,8.347949314744168,8.307062871360467,8.732644386951085,0,0,0,0,8.387349105221812,8.403460094587203,8.486404488175861,8.07660864526099,7.958877812428391,8.31865735176282,7.739210281092605,9.488855487231952,9.7126221597413,8.10936410018265,8.315289890007715,8.329235108324479,8.346319483202775,8.570655615691939,,,,,,,,,,,,,,,
kda_full_s2_4k_smoke,kda_full,s2_4k,KKKFKKKFKKKF,42.810724,9.977188,60,0.00131072,8.61643084592145,80100.51262635118,80100.51262635118,6.747528076171875,0,0,1,0.8679112493991852,8.467255961289823,True,8.467255961289823,8.070608285757212,7.954608864788612,8.314713273380265,7.736028046660371,9.43104234632555,9.657803080166362,8.105372008529473,8.311188078480871,8.317301779277614,8.33193816976891,8.548023888877562,0,0,0,0,,,,,,,,,,,,,,,8.467041327837201,8.070996207005738,7.954662751825207,8.313859664934688,7.73584625164042,9.430046341863518,9.657802841689561,8.105678029898252,8.357400557422688,8.334985928910974,8.29459390081416,8.705848568779567,8.367888152622431,8.38541118328009,
kda_dsa_trunk_smoke,kda_dsa,trunk,KKKSKKKSKKKS,42.88618,10.052644,40,0.00065536,9.684374638341854,65016.05062777507,65016.05062777507,8.182985305786133,0,0,0,1.2630417943000793,8.59158577895968,True,8.59158577895968,8.056783085078983,7.909810290874198,8.413883284684067,7.8773193359375,9.732909008580394,10.00214104471917,8.147450432819669,8.372638266607755,8.378444654232128,8.412504090849717,8.700785480762963,0,1,0,0,,,,,,,,,,,,,,,,,,,,,,,,,,,,,0.00036312599361387754
kda_dsa_s2_16k_smoke,kda_dsa,s2_16k,KKKSKKKSKKKS,42.88618,10.052644,60,0.00131072,8.594145428020026,31818.421025548145,31818.421025548145,11.182881355285645,0,0,0,0.9949257671833038,8.489307290548062,True,8.489307290548062,8.081634020402246,7.955347801350196,8.352498946125557,7.770878695236679,9.459700926169658,9.690216370001526,8.114453712379113,8.362524784733413,8.344982558257255,8.302545906167099,8.726165367485297,0,0,0,0,8.395887020695032,8.418162052231843,8.484340735919446,8.071971940819598,7.955136292081996,8.34363532246833,7.75530275524172,9.460495423630189,9.690215952667124,8.11299265086898,8.317418259965654,8.327266277082634,8.342453017530833,8.569148801842106,,,,,,,,,,,,,,,0.0018983949731321559
kda_dsa_s2_4k_smoke,kda_dsa,s2_4k,KKKSKKKSKKKS,42.88618,10.052644,60,0.00131072,8.575537059811962,65931.65072902222,65931.65072902222,8.195068359375,0,0,0,0.9363597929477692,8.477259092229014,True,8.477259092229014,8.076694854624542,7.960260455454667,8.347735424297925,7.7521111158806475,9.427320915846307,9.658369551997481,8.11770246045409,8.311988585565063,8.30955391501078,8.333439563464363,8.564089405728323,0,0,0,0,,,,,,,,,,,,,,,8.483151430538097,8.082944270070348,7.960973476734329,8.35107061244888,7.76098932344122,9.445518625442531,9.658369820283882,8.121784859668272,8.358566630648061,8.328055477587284,8.299129956976303,8.720218229220771,8.393747786749605,8.409635311052405,0.012770697097638006
csa_trunk_smoke,csa,trunk,CCCCCCCCCCCC,43.087408,10.253872,40,0.00065536,9.607107917660077,60451.06291561917,60451.06291561917,8.262770652770996,0,0,0,1.5866298079490662,8.487723758565657,True,8.487723758565657,8.059637726910676,7.9296587819613125,8.367246657151442,7.865740989154075,9.424159861134958,9.674888690953145,8.09206252636235,8.335257555473882,8.315752258777511,8.337499708704886,8.57718095306624,0,1,0,0,,,,,,,,,,,,,,,,,,,,,,,,,,,,,-0.026123159480709646
csa_s2_16k_smoke,csa,s2_16k,CCCCCCCCCCCC,43.087408,10.253872,60,0.00131072,8.489689306933872,21930.308748120144,21930.308748120144,6.592154026031494,0,0,0,1.6389037370681763,8.409979213704863,True,8.409979213704863,8.050527735972501,7.938754412668774,8.299747046290362,7.73117093557346,9.276419762005585,9.499128963484432,8.073737665634948,8.343233750530507,8.292592719305274,8.245666301851534,8.62513932091659,0,0,0,0,8.315658720961668,8.342309175993137,8.40847346175937,8.047635234231914,7.9385733534792235,8.296268702543117,7.729647778707838,9.274617214924833,9.499128963484432,8.072876939243017,8.293805569828432,8.272684233951988,8.281208506824292,8.482443155438153,,,,,,,,,,,,,,,-0.016508388584476563
csa_s2_4k_smoke,csa,s2_4k,CCCCCCCCCCCC,43.087408,10.253872,60,0.00131072,8.487877161435259,62430.030163591866,62430.030163591866,8.294971466064453,0,0,0,2.120452880859375,8.410393344915043,True,8.410393344915043,8.051346544351915,7.940858831967995,8.301226381853823,7.735930822649572,9.274089793669871,9.4993652939942,8.069367839222595,8.289461469465524,8.274331605770124,8.282766854905056,8.484809669619516,0,0,0,0,,,,,,,,,,,,,,,8.41236059057172,8.055099750885065,7.941246174414253,8.304800338479675,7.739013955014344,9.276114984854727,9.4993651747558,8.070513222649243,8.33700979483476,8.293886483179318,8.245863114402574,8.626097879801675,8.32005186110139,8.347132193828084,-0.004779908451249426
