step,type,metric,mean,min,max,n
40,csa,act.act_rms,1.9925434502462547,0.15578220784664154,4.664871692657471,12
40,csa,act.act_absmax,5.809444387753804,0.6668330430984497,11.536170959472656,12
40,csa,act.mixer_out_rms,0.37216525649031,0.1866563856601715,0.5443863868713379,12
40,csa,act.ffn_out_rms,0.14653874964763722,0.06006686016917229,0.2679678797721863,12
40,csa,mixer.max_logit.mean,4.731770833333333,3.6796875,6.15625,12
40,csa,mixer.max_logit.min,3.99609375,2.703125,6.0,12
40,csa,mixer.max_logit.max,5.294270833333333,4.34375,6.40625,12
40,csa,mixer.entropy.mean,4.207848519086838,3.7978053092956543,4.475594758987427,12
40,csa,mixer.entropy.min,3.97868941227595,3.3445730209350586,4.423470497131348,12
40,csa,mixer.entropy.max,4.383594036102295,4.056739330291748,4.510868072509766,12
40,csa,mixer.norm_entropy.mean,0.9206929591794809,0.83083875477314,0.9792679101228714,12
40,csa,mixer.norm_entropy.min,0.8705686728159586,0.7315789461135864,0.9678755402565002,12
40,csa,mixer.norm_entropy.max,0.9591458737850189,0.8877002596855164,0.9869834184646606,12
40,csa,mixer.sink_mass.mean,0.002562621342500885,0.00019682127458509058,0.00755565328290686,12
40,csa,mixer.sink_mass.min,0.0011458452499937266,0.00017038959776982665,0.006049169227480888,12
40,csa,mixer.sink_mass.max,0.0043270311640905374,0.000209752019145526,0.01312413439154625,12
40,csa,mixer.compressed_mass,0.4678974379785359,0.11126436106860638,0.8511062413454056,12
40,csa,mixer.window_mass,0.5295399376191199,0.14820899069309235,0.8885388076305389,12
40,csa,mixer.sink_logit.mean,0.0007056956789407801,-0.007979338872246444,0.007234284072183073,12
40,csa,mixer.sink_logit.min,-0.0027148417866555974,-0.011410892941057682,0.004191925283521414,12
40,csa,mixer.sink_logit.max,0.00431629140075529,-0.003989927936345339,0.011047100648283958,12
40,csa,mixer.recall_per_head.mean,0.06724250956904143,0.03244981914758682,0.1639473270624876,12
40,csa,mixer.recall_per_head.min,0.04686245430881778,0.029286600649356842,0.06924330443143845,12
40,csa,mixer.recall_per_head.max,0.09268228119860093,0.034576091915369034,0.2652394473552704,12
40,csa,mixer.recall_mean,0.06724250956904143,0.03244981914758682,0.1639473270624876,12
40,csa,mixer.recall_min_head,0.04686245430881778,0.029286600649356842,0.06924330443143845,12
40,csa,mixer.recall_headavg_dist,0.06724250906457503,0.03244981914758682,0.16394731402397156,12
40,csa,mixer.recall_all_queries,0.07453101229233046,0.04001018777489662,0.1704801842570305,12
40,csa,mixer.effective_sparsity,0.9921860694885254,0.9921860694885254,0.9921860694885254,12
40,csa,mixer.density,0.04560542851686478,0.04560542851686478,0.04560542851686478,12
40,csa,mixer.indexer_kl_dense,0.0903798413152496,0.049155596643686295,0.1592559516429901,12
40,csa,mixer.kv_pool_entropy,0.9556547453006109,0.9399744868278503,0.9771337509155273,12
40,csa,mixer.top_k,32.0,32.0,32.0,12
40,csa,grad_norm.mixer,0.024659299209012542,0.01535824931887317,0.08795673724373006,12
40,csa,grad_norm.indexer,0.16004059946343802,0.0,0.7915301154973364,12
40,csa,grad_norm.ffn,0.006896424243198751,0.003896588203551185,0.016372321974719772,12
40,csa,grad_norm.norm,0.0003115501100733096,5.283050633186832e-05,0.001876062882248197,12
40,csa,grad_norm.total,0.16942229972238643,0.01671375739323897,0.7918243349120637,12
40,csa,update.mixer.ratio,0.004701464739158536,0.003033778423690844,0.006511666923690513,12
40,csa,update.mixer.w_norm,14.509425355586735,14.492965268009229,14.526227232344663,12
40,csa,update.mixer.max_matrix_ratio,0.0350254639176166,0.017287335099061253,0.047838331169141796,12
40,csa,update.indexer.ratio,0.005379697790458766,0.0008990858219308998,0.009440927928415931,12
40,csa,update.indexer.w_norm,7.243113411848307,7.151015046462175,7.273754894732442,12
40,csa,update.indexer.max_matrix_ratio,0.04122890859259159,0.0066425269429502805,0.07790848974390666,12
40,csa,update.ffn.ratio,0.007683564388338446,0.006734721763757769,0.009388669068964281,12
40,csa,update.ffn.w_norm,12.361021725483715,12.311916342810868,12.430744160734033,12
40,csa,update.ffn.max_matrix_ratio,0.02105685522990504,0.018377773358058336,0.025590566454890124,12
40,csa,update.norm.ratio,0.00016831046426583253,0.00012850066627443182,0.00021304207262559178,12
40,csa,update.norm.w_norm,22.605268813851055,22.58024191180866,22.630420686949293,12
40,csa,update.norm.max_matrix_ratio,0.0,0.0,0.0,12
40,global,probe_loss,7.638050556182861,7.638050556182861,7.638050556182861,1
40,global,probe_rows,['books/long'],['books/long'],['books/long'],1
40,global,logit_max,6.99741792678833,6.99741792678833,6.99741792678833,1
40,global,logit_min,-5.617185592651367,-5.617185592651367,-5.617185592651367,1
40,global,logit_std,1.2543134321683613,1.2543134321683613,1.2543134321683613,1
40,global,logit_lse_mean,10.010503709316254,10.010503709316254,10.010503709316254,1
40,global,embed_grad_norm,0.2907225787639618,0.2907225787639618,0.2907225787639618,1
40,global,embed_update_ratio,0.0116413325789739,0.0116413325789739,0.0116413325789739,1
40,global,embed_weight_norm,146.16712951660156,146.16712951660156,146.16712951660156,1
40,global,final_norm_grad_norm,0.005956029519438744,0.005956029519438744,0.005956029519438744,1
40,global,final_norm_update_ratio,0.00036963733669035943,0.00036963733669035943,0.00036963733669035943,1
40,global,final_norm_weight_norm,16.291217803955078,16.291217803955078,16.291217803955078,1
40,global,param_norm_total,180.974075139257,180.974075139257,180.974075139257,1
50,csa,act.act_rms,2.6682880197962127,0.2520312964916229,5.623061656951904,12
50,csa,act.act_absmax,6.411979719996452,0.8385043740272522,12.554950714111328,12
50,csa,act.mixer_out_rms,0.4111688621342182,0.22533011436462402,0.6103278994560242,12
50,csa,act.ffn_out_rms,0.1686708734681209,0.07092609256505966,0.2547575831413269,12
50,csa,mixer.max_logit.mean,4.835286458333333,4.23828125,5.6875,12
50,csa,mixer.max_logit.min,4.03125,2.484375,5.21875,12
50,csa,mixer.max_logit.max,5.447916666666667,4.84375,6.1875,12
50,csa,mixer.entropy.mean,4.231320187449455,3.93495112657547,4.479356050491333,12
50,csa,mixer.entropy.min,4.015082438786824,3.414888858795166,4.45259952545166,12
50,csa,mixer.entropy.max,4.390964428583781,4.188805103302002,4.521634578704834,12
50,csa,mixer.norm_entropy.mean,0.925875316063563,0.8611091524362564,0.980093464255333,12
50,csa,mixer.norm_entropy.min,0.8786094238360723,0.7474720478057861,0.9742318987846375,12
50,csa,mixer.norm_entropy.max,0.9607734233140945,0.9165017604827881,0.9893723726272583,12
50,csa,mixer.sink_mass.mean,0.0031899782319063283,0.0002630843628139701,0.0070062067825347185,12
50,csa,mixer.sink_mass.min,0.0011593074802173458,0.0001381572219543159,0.005454817786812782,12
50,csa,mixer.sink_mass.max,0.005959412922190192,0.00044539273949339986,0.015283795073628426,12
50,csa,mixer.compressed_mass,0.4238669383339584,0.09161805920302868,0.7605940103530884,12
50,csa,mixer.window_mass,0.5729430822345117,0.23832138255238533,0.9081188589334488,12
50,csa,mixer.sink_logit.mean,0.000573789464700288,-0.00900175899732858,0.008041861117817461,12
50,csa,mixer.sink_logit.min,-0.0029724366177106276,-0.01243614312261343,0.004864364396780729,12
50,csa,mixer.sink_logit.max,0.004211599235228884,-0.00498162442818284,0.01178304385393858,12
50,csa,mixer.recall_per_head.mean,0.06830993814704318,0.03743425291031599,0.1298868153244257,12
50,csa,mixer.recall_per_head.min,0.05241593377043804,0.031898919492959976,0.11303796619176865,12
50,csa,mixer.recall_per_head.max,0.08927209706356128,0.03966638818383217,0.2242608219385147,12
50,csa,mixer.recall_mean,0.06830993814704318,0.03743425291031599,0.1298868153244257,12
50,csa,mixer.recall_min_head,0.05241593377043804,0.031898919492959976,0.11303796619176865,12
50,csa,mixer.recall_headavg_dist,0.06830993791421254,0.03743425011634827,0.12988680601119995,12
50,csa,mixer.recall_all_queries,0.07559009889761607,0.04495567362755537,0.1366858184337616,12
50,csa,mixer.effective_sparsity,0.9921860694885254,0.9921860694885254,0.9921860694885254,12
50,csa,mixer.density,0.04560542851686478,0.04560542851686478,0.04560542851686478,12
50,csa,mixer.indexer_kl_dense,0.09226233294854562,0.03249441459774971,0.15549501776695251,12
50,csa,mixer.kv_pool_entropy,0.949740911523501,0.9298667311668396,0.9765135049819946,12
50,csa,mixer.top_k,32.0,32.0,32.0,12
50,csa,grad_norm.mixer,0.05396020967460072,0.0377194112318203,0.1531126866293222,12
50,csa,grad_norm.indexer,0.1358307510665346,0.0,0.6884790243454391,12
50,csa,grad_norm.ffn,0.01791107532152048,0.012309166479651997,0.023268655014107503,12
50,csa,grad_norm.norm,0.000817811154211067,0.0003487239795219503,0.003880911373650867,12
50,csa,grad_norm.total,0.16179696631303517,0.05081572825498606,0.6899496343706902,12
50,csa,update.mixer.ratio,0.0012602335021512639,0.0010622877192486397,0.0014848097338404354,12
50,csa,update.mixer.w_norm,14.517142291772954,14.500665743354151,14.534571844262029,12
50,csa,update.mixer.max_matrix_ratio,0.008994823089537559,0.005872866423113494,0.011539713843956833,12
50,csa,update.indexer.ratio,0.0017656647859290015,0.0004304589445551471,0.0025785914343548796,12
50,csa,update.indexer.w_norm,7.252071250580882,7.163028038315833,7.285584673720118,12
50,csa,update.indexer.max_matrix_ratio,0.01290730188018827,0.005430304162856747,0.01877639982153524,12
50,csa,update.ffn.ratio,0.002218442240826147,0.0019789718280643206,0.002612931595630826,12
50,csa,update.ffn.w_norm,12.372958693337472,12.327035028934425,12.42638663812057,12
50,csa,update.ffn.max_matrix_ratio,0.007126934696959523,0.006394651338400024,0.008150421233774824,12
50,csa,update.norm.ratio,3.782130953238777e-05,3.389650045910493e-05,4.5447261757335906e-05,12
50,csa,update.norm.w_norm,22.600920572757545,22.5758797737291,22.62147598221813,12
50,csa,update.norm.max_matrix_ratio,0.0,0.0,0.0,12
50,global,probe_loss,7.476110935211182,7.476110935211182,7.476110935211182,1
50,global,probe_rows,['books/long'],['books/long'],['books/long'],1
50,global,logit_max,7.402608394622803,7.402608394622803,7.402608394622803,1
50,global,logit_min,-5.915793418884277,-5.915793418884277,-5.915793418884277,1
50,global,logit_std,1.3936356260581484,1.3936356260581484,1.3936356260581484,1
50,global,logit_lse_mean,10.148812234401703,10.148812234401703,10.148812234401703,1
50,global,embed_grad_norm,0.5865941643714905,0.5865941643714905,0.5865941643714905,1
50,global,embed_update_ratio,0.0023160939012471585,0.0023160939012471585,0.0023160939012471585,1
50,global,embed_weight_norm,150.98287963867188,150.98287963867188,150.98287963867188,1
50,global,final_norm_grad_norm,0.02567003108561039,0.02567003108561039,0.02567003108561039,1
50,global,final_norm_update_ratio,3.307023920584171e-05,3.307023920584171e-05,3.307023920584171e-05,1
50,global,final_norm_weight_norm,16.31985092163086,16.31985092163086,16.31985092163086,1
50,global,param_norm_total,184.90260996756,184.90260996756,184.90260996756,1
59,csa,act.act_rms,2.535078227519989,0.2614285349845886,5.362213134765625,12
59,csa,act.act_absmax,6.592453459898631,0.8727681636810303,12.741301536560059,12
59,csa,act.mixer_out_rms,0.40076209232211113,0.2175629884004593,0.5987233519554138,12
59,csa,act.ffn_out_rms,0.1574433303127686,0.09258120507001877,0.24520845711231232,12
59,csa,mixer.max_logit.mean,4.882161458333333,4.35546875,5.578125,12
59,csa,mixer.max_logit.min,4.0625,2.609375,5.34375,12
59,csa,mixer.max_logit.max,5.481770833333333,4.84375,6.03125,12
59,csa,mixer.entropy.mean,4.2035305599371595,3.9197383522987366,4.480847120285034,12
59,csa,mixer.entropy.min,3.9791097243626914,3.5198159217834473,4.4487433433532715,12
59,csa,mixer.entropy.max,4.368347843488057,4.180474281311035,4.51706075668335,12
59,csa,mixer.norm_entropy.mean,0.9197941546638807,0.857778862118721,0.9804170727729797,12
59,csa,mixer.norm_entropy.min,0.8707316517829895,0.7704041004180908,0.9733902812004089,12
59,csa,mixer.norm_entropy.max,0.9558257112900416,0.9146720170974731,0.9883649349212646,12
59,csa,mixer.sink_mass.mean,0.0027302537849512496,0.0004073447416885756,0.006295348051935434,12
59,csa,mixer.sink_mass.min,0.00122412967539276,0.0001383709895890206,0.005296459887176752,12
59,csa,mixer.sink_mass.max,0.005042190023232251,0.0009816670790314674,0.010237031616270542,12
59,csa,mixer.compressed_mass,0.452751485320429,0.11403908208012581,0.8124924451112747,12
59,csa,mixer.window_mass,0.5445182691328228,0.1865877341479063,0.8850681036710739,12
59,csa,mixer.sink_logit.mean,0.0005497127288739042,-0.009052659734152257,0.007925968733616173,12
59,csa,mixer.sink_logit.min,-0.0029939090745756403,-0.012481912039220333,0.00499274767935276,12
59,csa,mixer.sink_logit.max,0.004208491513660799,-0.0050647263415157795,0.011763944290578365,12
59,csa,mixer.recall_per_head.mean,0.07588566676713526,0.03662775829434395,0.1714152041822672,12
59,csa,mixer.recall_per_head.min,0.054138138269384704,0.03304173797369003,0.10672522336244583,12
59,csa,mixer.recall_per_head.max,0.10193829486767451,0.03808404877781868,0.276072233915329,12
59,csa,mixer.recall_mean,0.07588566676713526,0.03662775829434395,0.1714152041822672,12
59,csa,mixer.recall_min_head,0.054138138269384704,0.03304173797369003,0.10672522336244583,12
59,csa,mixer.recall_headavg_dist,0.07588566653430462,0.03662775829434395,0.17141519486904144,12
59,csa,mixer.recall_all_queries,0.0831066316459328,0.0441554831340909,0.17788970656692982,12
59,csa,mixer.effective_sparsity,0.9921860694885254,0.9921860694885254,0.9921860694885254,12
59,csa,mixer.density,0.04560542851686478,0.04560542851686478,0.04560542851686478,12
59,csa,mixer.indexer_kl_dense,0.08831187679121892,0.03626026213169098,0.1378529965877533,12
59,csa,mixer.kv_pool_entropy,0.9505703697601954,0.9307478070259094,0.9757524728775024,12
59,csa,mixer.top_k,32.0,32.0,32.0,12
59,csa,grad_norm.mixer,0.046362990401127846,0.03328419917760955,0.07842672245181627,12
59,csa,grad_norm.indexer,0.12142736314004438,0.0,0.36167367103412673,12
59,csa,grad_norm.ffn,0.018545864543749006,0.011403384099079488,0.026063106087499253,12
59,csa,grad_norm.norm,0.0004943343241315834,0.0002298532187940637,0.0015824456691671286,12
59,csa,grad_norm.total,0.1392407543444545,0.04833622278254644,0.36454857069680435,12
59,csa,update.mixer.ratio,9.875494171289436e-05,7.510303794636986e-05,0.00013474455088591177,12
59,csa,update.mixer.w_norm,14.518478315440582,14.503591135938507,14.535844442512136,12
59,csa,update.mixer.max_matrix_ratio,0.0008073242502135212,0.0005158552338586996,0.0012823593576492612,12
59,csa,update.indexer.ratio,0.00016834949352484126,1.837785583982151e-05,0.000227727692954546,12
59,csa,update.indexer.w_norm,7.253070799003273,7.1644244890607665,7.289094747957148,12
59,csa,update.indexer.max_matrix_ratio,0.0012301601370833743,0.00027867923622697634,0.002001408708380038,12
59,csa,update.ffn.ratio,0.00018154181313493963,0.0001326360219797955,0.0002135572842467293,12
59,csa,update.ffn.w_norm,12.375293337259448,12.328220312160214,12.431049338283684,12
59,csa,update.ffn.max_matrix_ratio,0.0005124532859679298,0.0004164080936712685,0.0005757158564100633,12
59,csa,update.norm.ratio,3.6853562541765706e-06,2.610141599748821e-06,4.500643666740668e-06,12
59,csa,update.norm.w_norm,22.60035952626423,22.57493482936565,22.62152048970699,12
59,csa,update.norm.max_matrix_ratio,0.0,0.0,0.0,12
59,global,probe_loss,7.4607462882995605,7.4607462882995605,7.4607462882995605,1
59,global,probe_rows,['books/long'],['books/long'],['books/long'],1
59,global,logit_max,7.197559356689453,7.197559356689453,7.197559356689453,1
59,global,logit_min,-5.9217095375061035,-5.9217095375061035,-5.9217095375061035,1
59,global,logit_std,1.3543111960164909,1.3543111960164909,1.3543111960164909,1
59,global,logit_lse_mean,10.036533415317535,10.036533415317535,10.036533415317535,1
59,global,embed_grad_norm,0.8170804381370544,0.8170804381370544,0.8170804381370544,1
59,global,embed_update_ratio,0.00023487569316487346,0.00023487569316487346,0.00023487569316487346,1
59,global,embed_weight_norm,151.95999145507812,151.95999145507812,151.95999145507812,1
59,global,final_norm_grad_norm,0.02458876371383667,0.02458876371383667,0.02458876371383667,1
59,global,final_norm_update_ratio,3.0260680192488742e-06,3.0260680192488742e-06,3.0260680192488742e-06,1
59,global,final_norm_weight_norm,16.321104049682617,16.321104049682617,16.321104049682617,1
59,global,param_norm_total,185.70421202928603,185.70421202928603,185.70421202928603,1
