step,layer,type,act.act_rms,act.act_absmax,act.mixer_out_rms,act.ffn_out_rms,mixer.compressed_mass,mixer.window_mass,mixer.recall_mean,mixer.recall_min_head,mixer.recall_headavg_dist,mixer.recall_all_queries,mixer.effective_sparsity,mixer.density,mixer.indexer_kl_dense,mixer.kv_pool_entropy,mixer.sparse_phase,mixer.top_k,grad_norm.mixer,grad_norm.indexer,grad_norm.ffn,grad_norm.norm,grad_norm.total,update.mixer.ratio,update.mixer.w_norm,update.mixer.max_matrix_ratio,update.indexer.ratio,update.indexer.w_norm,update.indexer.max_matrix_ratio,update.ffn.ratio,update.ffn.w_norm,update.ffn.max_matrix_ratio,update.norm.ratio,update.norm.w_norm,update.norm.max_matrix_ratio
40,0,csa,0.15578220784664154,0.6668330430984497,0.1866563856601715,0.06006686016917229,0.3287939950823784,0.6645142138004303,0.04558970406651497,0.04179573804140091,0.04558970406651497,0.05304739996790886,0.9921860694885254,0.04560542851686478,0.12685200572013855,0.9771337509155273,1,32,0.08795673724373006,0.026483355416288584,0.016372321974719772,0.001876062882248197,0.09332378196070963,0.005747556726008044,14.507259978303997,0.043485995582193654,0.007114344097319428,7.151015046462175,0.05454385414188793,0.007375730745410754,12.371709645628124,0.018377773358058336,0.00016481210006192602,22.627763272106616,0.0
40,1,csa,0.34178265929222107,1.839309573173523,0.3957652151584625,0.2619257867336273,0.11126436106860638,0.8885388076305389,0.03244981914758682,0.029286600649356842,0.03244981914758682,0.04001018777489662,0.9921860694885254,0.04560542851686478,0.07463709264993668,0.9721936583518982,1,32,0.030576705841661528,0.322562429712889,0.014458674644280533,0.00039780870900331036,0.32433110786146935,0.003033778423690844,14.519534467794271,0.017287335099061253,0.007624495536772444,7.2076081583929374,0.05035414526594886,0.009388669068964281,12.414295951114983,0.025590566454890124,0.00017628949384922615,22.626024429584582,0.0
40,2,csa,0.6527529954910278,2.753270149230957,0.3117562532424927,0.2679678797721863,0.4088944382965565,0.5835498794913292,0.05460095591843128,0.04127141460776329,0.05460095405578613,0.061988238245248795,0.9921860694885254,0.04560542851686478,0.07874937355518341,0.9658623337745667,1,32,0.028004651691243998,0.10797014274795744,0.007712091673959127,0.0005215595269061825,0.11181037797847683,0.005039948905187601,14.492965268009229,0.0341752751972963,0.005697690519496397,7.243446647025925,0.04669645883863759,0.008680190218915439,12.430744160734033,0.02536987802739412,0.0001655177729956098,22.630420686949293,0.0
40,3,csa,0.8693655133247375,3.302926540374756,0.20886634290218353,0.1295020431280136,0.693198174238205,0.30126675963401794,0.1639473270624876,0.06712277978658676,0.16394731402397156,0.1704801842570305,0.9921860694885254,0.04560542851686478,0.1592559516429901,0.9577305316925049,1,32,0.020685797035001938,0.7915301154973364,0.006153318650150702,0.0002968001376881692,0.7918243349120637,0.006511666923690513,14.49389926240516,0.047838331169141796,0.009440927928415931,7.253114739823958,0.07790848974390666,0.00834938599766424,12.375074402600392,0.023065811777260633,0.00021304207262559178,22.622078240058386,0.0
40,4,csa,1.1547422409057617,4.0859761238098145,0.2797337472438812,0.10365351289510727,0.5199212729930878,0.47816863656044006,0.09086230583488941,0.0478145107626915,0.09086231142282486,0.09796624630689621,0.9921860694885254,0.04560542851686478,0.049155596643686295,0.9629558324813843,1,32,0.015537518410443943,0.3744051635956365,0.0053525275334760265,0.0001551669302471141,0.374765679636227,0.006125149852147656,14.505816796826712,0.045462409628357285,0.007864902560569662,7.254958004457772,0.0457722159249562,0.00788653424859207,12.393523203356706,0.021119608975956893,0.0001998302430638659,22.61738272431551,0.0
40,5,csa,1.5088728666305542,4.9648823738098145,0.3567177355289459,0.09977396577596664,0.36068272590637207,0.6377731263637543,0.043148200027644634,0.03538646548986435,0.04314820095896721,0.0506249750033021,0.9921860694885254,0.04560542851686478,0.07307508587837219,0.9634476900100708,1,32,0.01535824931887317,0.0156732398322532,0.005067694537736359,0.00010348596372285265,0.022521512077400288,0.005361837157187588,14.514123023343766,0.030601827067291837,0.005550525399021874,7.23866754168777,0.054272590717677344,0.007773478395112491,12.348648684261832,0.020498523598624894,0.00019283374922156413,22.608284675323763,0.0
40,6,csa,1.9475479125976562,6.0918354988098145,0.4162726104259491,0.11787819862365723,0.46506892889738083,0.5333908684551716,0.039711819496005774,0.03112834133207798,0.03971182182431221,0.04721544589847326,0.9921860694885254,0.04560542851686478,0.06237073987722397,0.9513205885887146,1,32,0.01596643495460586,0.0,0.00494112985463105,8.875133837938632e-05,0.01671375739323897,0.0047091007536792665,14.512561837207596,0.03747751391132613,0.0008990858219308998,7.257051283264542,0.0066425269429502805,0.00773683900339236,12.34899349287407,0.020488955880332303,0.00017830853151790663,22.602077781569132,0.0
40,7,csa,2.395707130432129,7.0752339363098145,0.4203849136829376,0.10193925350904465,0.553586058318615,0.44538119807839394,0.05647487938404083,0.04789745807647705,0.056474875658750534,0.06384751852601767,0.9921860694885254,0.04560542851686478,0.07017182558774948,0.9492521286010742,1,32,0.01652929602432037,0.0678418419069627,0.003995682137340467,7.29240043014048e-05,0.06994071728286749,0.004911905071859794,14.526227232344663,0.04589472896891164,0.00445415899159452,7.273754894732442,0.04244643432327403,0.00714254789587431,12.317437957905554,0.018819869064005377,0.00016986575259434066,22.590987088940683,0.0
40,8,csa,2.850569725036621,8.1203031539917,0.4062512218952179,0.11124740540981293,0.6612442135810852,0.33596435002982616,0.0671568987891078,0.03976429998874664,0.06715690344572067,0.07444607373327017,0.9921860694885254,0.04560542851686478,0.10994548350572586,0.942552387714386,1,32,0.015411774588741357,0.06485665225019979,0.003896588203551185,5.5573431758445746e-05,0.0667764526244985,0.004147659192616237,14.503893189730745,0.035546215073921215,0.0038949027314336302,7.259052932726355,0.027579214221444676,0.006951418522177037,12.348699099326057,0.01945429479784035,0.00015424668011522241,22.58024191180866,0.0
40,9,csa,3.3645973205566406,9.0470609664917,0.4361706078052521,0.1356019824743271,0.8511062413454056,0.14820899069309235,0.08209559880197048,0.06924330443143845,0.08209559321403503,0.08926803804934025,0.9921860694885254,0.04560542851686478,0.08869419246912003,0.9399744868278503,1,32,0.016247713600751154,0.029892375422431162,0.0040167427600059195,5.992120132053123e-05,0.034259015143433824,0.004190575862475048,14.509184302921717,0.03914397126921205,0.005724570536654529,7.251306163656265,0.04873937535233472,0.00709749668403802,12.328336233244688,0.019795413432407434,0.00014007991952963084,22.586119928695485,0.0
40,10,csa,4.003929138183594,10.229530334472656,0.5030216574668884,0.1960776150226593,0.330683171749115,0.6687236279249191,0.056603883393108845,0.04715801775455475,0.05660388246178627,0.06397551577538252,0.9921860694885254,0.04560542851686478,0.0631573498249054,0.9444998502731323,1,32,0.01641120341522066,0.09540127486993798,0.006119624745057342,5.7716688972252955e-05,0.0969957936334443,0.0035140522868396316,14.515324661803469,0.023749961336209692,0.0034561876761705166,7.264926980726705,0.019649660240901205,0.007085760116162582,12.342881531947269,0.02026850329643917,0.00013639858934067395,22.585588371107892,0.0
40,11,csa,4.664871692657471,11.536170959472656,0.5443863868713379,0.1728304922580719,0.3303256742656231,0.6689987927675247,0.07426872290670872,0.06448052078485489,0.07426872849464417,0.08150232397019863,0.9921860694885254,0.04560542851686478,0.12849339842796326,0.9409337043762207,1,32,0.017225508383556486,0.023870602309363304,0.004670694203476524,5.283050633186832e-05,0.02980506616480735,0.0031243457145202188,14.512314246349494,0.019642002708476373,0.0028345816861253623,7.262458549222843,0.020141937397179517,0.006734721763757769,12.311916342810868,0.019833064095650815,0.00012850066627443182,22.58625665575264,0.0
50,0,csa,0.2520312964916229,0.8385043740272522,0.22533011436462402,0.07092609256505966,0.34836263209581375,0.6455732136964798,0.04908688087016344,0.042407214641571045,0.049086879938840866,0.056517249904572964,0.9921860694885254,0.04560542851686478,0.1038588136434555,0.9765135049819946,1,32,0.1531126866293222,0.02951668748938798,0.023268655014107503,0.003880911373650867,0.15770612361747688,0.0014108546961836969,14.516037556824518,0.011165832966128417,0.0025785914343548796,7.163028038315833,0.015480056634992622,0.002612931595630826,12.371684783071988,0.006394651338400024,4.5447261757335906e-05,22.62107892279338,0.0
50,1,csa,0.7280479669570923,2.202244281768799,0.45050016045570374,0.2304510623216629,0.09161805920302868,0.9081188589334488,0.05654996074736118,0.05067005753517151,0.056549958884716034,0.06392201315611601,0.9921860694885254,0.04560542851686478,0.14210277795791626,0.9696424603462219,1,32,0.040708390458512454,0.07557431150722023,0.01837000639382171,0.0006929296145296093,0.08778716819600009,0.0011839081918795424,14.52757242915931,0.005872866423113494,0.002304914204254565,7.217485908315194,0.01576483337856745,0.0019789718280643206,12.402621691695598,0.006467091727221124,3.7982957763113566e-05,22.616882316051832,0.0
50,2,csa,1.1804105043411255,3.221775531768799,0.3454020917415619,0.2547575831413269,0.36228010058403015,0.6359125077724457,0.06762277707457542,0.04600374400615692,0.06762278079986572,0.0749083086848259,0.9921860694885254,0.04560542851686478,0.09068196266889572,0.9616131782531738,1,32,0.0377194112318203,0.16847516316448383,0.017374484961249173,0.0006137817580469449,0.17351911722542218,0.0013872422520488043,14.500665743354151,0.010744927757803037,0.002543761784660384,7.251480628655946,0.01877639982153524,0.00198385895262275,12.42638663812057,0.007085676639958342,3.389650045910493e-05,22.62147598221813,0.0
50,3,csa,1.4946941137313843,4.15228796005249,0.22782449424266815,0.1901848018169403,0.5126390010118484,0.48035478219389915,0.11649870313704014,0.0477851927280426,0.11649870127439499,0.12340231984853745,0.9921860694885254,0.04560542851686478,0.12244787067174911,0.9508887529373169,1,32,0.040041629831823515,0.6884790243454391,0.020574753623713887,0.0006916634558294035,0.6899496343706902,0.001264380114494075,14.502709774511898,0.009004541892518323,0.002164856225659478,7.269415064273388,0.016894019304649233,0.0019916219737175457,12.38409503815636,0.006880317363265223,4.535824143493197e-05,22.615816363723148,0.0
50,4,csa,1.8575499057769775,5.205456733703613,0.277748167514801,0.20604482293128967,0.6444118171930313,0.3489360734820366,0.1298868153244257,0.11303796619176865,0.12988680601119995,0.1366858184337616,0.9921860694885254,0.04560542851686478,0.05494046211242676,0.9511405229568481,1,32,0.037893198956433546,0.24608752786170776,0.020353151221394698,0.0006696171752874262,0.2498192647656322,0.0014848097338404354,14.515336829384424,0.011539713843956833,0.0018311211866104385,7.27005707578148,0.012420932581089486,0.002109431305302222,12.418103531911079,0.006988061659841427,3.921450733142912e-05,22.61833620737618,0.0
50,5,csa,2.2511825561523438,5.889050483703613,0.36307820677757263,0.14411622285842896,0.2874215729534626,0.706412136554718,0.03748934995383024,0.03502662107348442,0.03748935088515282,0.04501034040004015,0.9921860694885254,0.04560542851686478,0.08236481994390488,0.9603812098503113,1,32,0.04301015827975089,0.08125394597373876,0.021971680745328077,0.0005654477386635069,0.09452593261889704,0.00138667449125205,14.52270188306181,0.009603731918875747,0.0017963884654043816,7.2431568247154265,0.017310109451204963,0.0020600522539566497,12.37795654300266,0.006720493300131441,3.563654984165629e-05,22.61024069833543,0.0
50,6,csa,2.711287498474121,6.453503608703613,0.4501413106918335,0.13857506215572357,0.3471497856080532,0.6507783085107803,0.03743425291031599,0.031898919492959976,0.03743425011634827,0.04495567362755537,0.9921860694885254,0.04560542851686478,0.055866777896881104,0.9447484612464905,1,32,0.04730407080758488,0.0,0.018554458894525165,0.0005433030894080546,0.05081572825498606,0.0011322995770600972,14.517858178595773,0.0069064118869322545,0.0004304589445551471,7.257962841113528,0.006586029872041132,0.0021845426085614203,12.373444928272235,0.007085172361201065,3.489151904829714e-05,22.60183118604812,0.0
50,7,csa,3.182137966156006,7.451985836029053,0.4657503366470337,0.11672301590442657,0.5122956596314907,0.4852139949798584,0.05271331872791052,0.041811056435108185,0.05271331965923309,0.06011534947901964,0.9921860694885254,0.04560542851686478,0.03249441459774971,0.9433687925338745,1,32,0.05028977791674865,0.05584815673165212,0.013810533836687741,0.0005406228365608054,0.07641401370916717,0.0012179726498410118,14.534571844262029,0.009401222777757335,0.0018201877434029909,7.285584673720118,0.013526003362530872,0.0021646029506265387,12.332752205019423,0.0067824656134136,3.4855791595310105e-05,22.587399765232764,0.0
50,8,csa,3.651277542114258,8.496908187866211,0.46211543679237366,0.10633854568004608,0.6569102853536606,0.3395707178860903,0.060995014384388924,0.04200538620352745,0.06099501997232437,0.06833233963698149,0.9921860694885254,0.04560542851686478,0.04058162868022919,0.9356083869934082,1,32,0.04751984843351109,0.0672697417164113,0.013485484130033556,0.0004585401615316529,0.08345910787348304,0.0012062713512900457,14.509889906856595,0.008996623753462222,0.001423847059834986,7.265801192544526,0.008763306763432616,0.002264739509819348,12.363493514657364,0.007124366657740841,3.626312305633194e-05,22.5758797737291,0.0
50,9,csa,4.1960296630859375,9.531513214111328,0.48091018199920654,0.15095213055610657,0.7605940103530884,0.23832138255238533,0.0787460133433342,0.06816930323839188,0.0787460133433342,0.08594462461769581,0.9921860694885254,0.04560542851686478,0.15549501776695251,0.9298667311668396,1,32,0.04818618791636124,0.04733731672344828,0.012309166479651997,0.00036263719583581937,0.06866132350637093,0.0012663475001213312,14.51730827023201,0.009841596742779003,0.0014665153314625799,7.263101598997247,0.013193127635183153,0.0023745627123919286,12.34212678326954,0.007827013643946255,3.715185282914093e-05,22.579983819049776,0.0
50,10,csa,4.891745567321777,10.945575714111328,0.5748979449272156,0.2147989124059677,0.2920074984431267,0.7075546830892563,0.06590063776820898,0.05028378590941429,0.06590063869953156,0.07319962233304977,0.9921860694885254,0.04560542851686478,0.08207497745752335,0.9371671080589294,1,32,0.05092077133533153,0.13414484083830444,0.01980831784492244,0.00044555547166676276,0.14484588793763858,0.0011197537485554358,14.521492485756509,0.00740785104993121,0.002077841282220394,7.270523681183885,0.010742499594175735,0.00241000025993845,12.355803633938402,0.008017484824620107,3.533279515153237e-05,22.580649279593544,0.0
50,11,csa,5.623061656951904,12.554950714111328,0.6103278994560242,0.2001822292804718,0.27071283757686615,0.7285703271627426,0.06679553352296352,0.0598919577896595,0.06679553538560867,0.07408752664923668,0.9921860694885254,0.04560542851686478,0.14423847198486328,0.935951828956604,1,32,0.05081638429800833,0.035982296446621355,0.015052210712809778,0.0003487239795219503,0.06406029368065781,0.0010622877192486397,14.519562599276416,0.007452556061192816,0.0007494937687277909,7.267257479354008,0.005430304162856747,0.0024859909392817626,12.327035028934425,0.008150421233774824,3.7824614120468965e-05,22.58147255893912,0.0
59,0,csa,0.2614285349845886,0.8727681636810303,0.2272523045539856,0.09258120507001877,0.35561029613018036,0.6386193931102753,0.05005504656583071,0.04351380094885826,0.05005504563450813,0.05747784860432148,0.9921860694885254,0.04560542851686478,0.10257519036531448,0.9757524728775024,1,32,0.07842672245181627,0.02187384081511118,0.019013588415947885,0.0015824456691671286,0.08362557255580365,0.00010166302209158089,14.518626885357826,0.0007803932910068729,0.0002165040026694952,7.1644244890607665,0.0015281216934572444,0.00016146934648976076,12.37614905300638,0.0005287556562936134,3.163550527215223e-06,22.621138301425646,0.0
59,1,csa,0.7356225848197937,2.2512736320495605,0.4283659756183624,0.24194099009037018,0.11403908208012581,0.8850681036710739,0.055513955652713776,0.05039799585938454,0.055513955652713776,0.06289410591125488,0.9921860694885254,0.04560542851686478,0.1346685141324997,0.9697849154472351,1,32,0.04817500675120466,0.10343015659013212,0.017810264359255413,0.0004909685748379167,0.1154819255746366,9.968921942189248e-05,14.528646870133464,0.0005286219904373573,0.00018978536300041362,7.2188335130573895,0.0010954031402483396,0.0001326360219797955,12.404958025845735,0.0004164080936712685,2.610141599748821e-06,22.61573461974582,0.0
59,2,csa,1.179901361465454,3.2727580070495605,0.3316214084625244,0.24520845711231232,0.385604377835989,0.6121468022465706,0.0668198736384511,0.04718164727091789,0.06681987643241882,0.07411167770624161,0.9921860694885254,0.04560542851686478,0.0976206362247467,0.9617297649383545,1,32,0.04420532238946904,0.17147933642021837,0.019596309063964812,0.00036514898181801364,0.17816683756912977,0.00010892576596545453,14.503591135938507,0.0008278163435007809,0.000227727692954546,7.253395123923078,0.0017157636994565473,0.00016070201767173797,12.431049338283684,0.0004898480385271452,3.0111223548248943e-06,22.62152048970699,0.0
59,3,csa,1.4484264850616455,4.0127739906311035,0.2175629884004593,0.16391341388225555,0.5516139715909958,0.4420906789600849,0.14966292306780815,0.053170278668403625,0.14966292679309845,0.15630739647895098,0.9921860694885254,0.04560542851686478,0.08852115273475647,0.9522210955619812,1,32,0.03875834153349026,0.36167367103412673,0.024194517463061182,0.00048204157933557257,0.36454857069680435,0.00013474455088591177,14.504132896147137,0.001239971095624739,0.0001780541747853028,7.269665599551335,0.0011855019468101024,0.00019853516131735892,12.389148412807767,0.000555767990775508,3.6823724599344195e-06,22.615841943961016,0.0
59,4,csa,1.7362147569656372,5.0244927406311035,0.2686825394630432,0.15816766023635864,0.6983209997415543,0.29770805686712265,0.1714152041822672,0.10672522336244583,0.17141519486904144,0.17788970656692982,0.9921860694885254,0.04560542851686478,0.06419864296913147,0.952231764793396,1,32,0.03328419917760955,0.28822575705872044,0.02457167273729329,0.0004998762987818721,0.29118025675582826,0.00011269292096521563,14.517277703498113,0.0012823593576492612,0.00019676737172301701,7.271777190239304,0.0014133188758466107,0.0002135572842467293,12.419642487001521,0.0005746923894173863,3.693575488861963e-06,22.617790665750412,0.0
59,5,csa,2.099453926086426,5.601637840270996,0.35932275652885437,0.11991208046674728,0.2970370277762413,0.6982273757457733,0.03662775829434395,0.034775737673044205,0.03662775829434395,0.0441554831340909,0.9921860694885254,0.04560542851686478,0.09980543702840805,0.9609063267707825,1,32,0.04166999016963063,0.09109253519132487,0.026063106087499253,0.0006061964927837444,0.10350792733619961,9.56075768495147e-05,14.52448388201671,0.0007734346971767472,0.00019367010542715776,7.2425140214658255,0.002001408708380038,0.00020962017823003074,12.379466837731522,0.0005757158564100633,3.438462903435943e-06,22.610062012651316,0.0
59,6,csa,2.537846088409424,6.785394191741943,0.44207191467285156,0.12548676133155823,0.371596097946167,0.6266407147049904,0.03793906234204769,0.03304173797369003,0.03793906047940254,0.045456537976861,0.9921860694885254,0.04560542851686478,0.056065645068883896,0.9462629556655884,1,32,0.04401322813062186,0.0,0.019974973116776887,0.0004760581790482612,0.04833622278254644,9.060680890310644e-05,14.519004817240743,0.0007662372048961951,1.837785583982151e-05,7.257630706515092,0.00027867923622697634,0.0002006095716369976,12.37576278714748,0.0005606313404515126,3.8415300906238864e-06,22.601825813646858,0.0
59,7,csa,2.9888081550598145,7.940179347991943,0.45285388827323914,0.10569222271442413,0.5515869148075581,0.4464865066111088,0.056711139157414436,0.04834546893835068,0.056711141020059586,0.06408193334937096,0.9921860694885254,0.04560542851686478,0.03626026213169098,0.9434361457824707,1,32,0.044403318251349855,0.11096608743655563,0.013985875935671098,0.00031310949766940883,0.12033632035239188,0.00010437129525109521,14.535844442512136,0.0008698769779190139,0.00021137961230266065,7.289094747957148,0.00145240681138946,0.00019102566772222224,12.333606611890994,0.0005184110116322506,3.971079524488677e-06,22.58661533243116,0.0
59,8,csa,3.4481377601623535,9.067473411560059,0.4523714482784271,0.10377491265535355,0.6927354410290718,0.3040403537452221,0.06512239575386047,0.04462214931845665,0.06512239575386047,0.0724274655804038,0.9921860694885254,0.04560542851686478,0.042871423065662384,0.9367606043815613,1,32,0.04444915094360771,0.10395512495315526,0.013867186647449755,0.0002866228578677548,0.11390687442736547,9.292916751310753e-05,14.511060619365262,0.0007788073101847274,0.00017728689843343276,7.265755822576097,0.0011057955123972517,0.00017873184849137295,12.364781391178044,0.000513975043996498,4.04993749335881e-06,22.57493482936565,0.0
59,9,csa,3.9726459980010986,10.113519668579102,0.46785491704940796,0.1390792429447174,0.8124924451112747,0.1865877341479063,0.08504957892000675,0.07269708067178726,0.0850495770573616,0.09219893626868725,0.9921860694885254,0.04560542851686478,0.1378529965877533,0.9307478070259094,1,32,0.044709556393787306,0.0559037283201453,0.011403384099079488,0.0002298532187940637,0.0724862833537159,8.943428492111417e-05,14.518358831194039,0.0007710261101680272,0.00016157436418696397,7.264217465702215,0.0013117898940515891,0.00017408316569252958,12.343875058889099,0.0004841442321407548,3.860027816758941e-06,22.57912151366991,0.0
59,10,csa,4.650239944458008,11.42586898803711,0.5624616146087646,0.20444972813129425,0.32498643547296524,0.6746062338352203,0.06795107945799828,0.055631592869758606,0.06795108318328857,0.07523404620587826,0.9921860694885254,0.04560542851686478,0.0724753811955452,0.9386231899261475,1,32,0.04640891799638391,0.06279149621404227,0.01791930095413066,0.0003193856095772595,0.08011094195080647,7.929164984036919e-05,14.521438950796568,0.0005158552338586996,0.00015096129864759992,7.271789251160887,0.0009557264201962459,0.00017788312076697356,12.356859731170925,0.0004749954841939177,4.4018311241265965e-06,22.57955359606847,0.0
59,11,csa,5.362213134765625,12.741301536560059,0.5987233519554138,0.1891132891178131,0.27739473432302475,0.7219972759485245,0.06775998417288065,0.059554945677518845,0.06775998324155807,0.07504444196820259,0.9921860694885254,0.04560542851686478,0.12682723999023438,0.938387393951416,1,32,0.04785213062456305,0.08573662364700023,0.014150195644858355,0.00028030492989800413,0.09920131877822541,7.510303794636986e-05,14.519272751086467,0.0005534913901398339,9.810518232768383e-05,7.267751656830133,0.0007180057065400862,0.00017964837337376642,12.328220312160214,0.00045609429410523955,4.500643666740668e-06,22.58017519674753,0.0
