step,time,tokens_seen,data_index,data_batch,data_epoch,lr,lr_frac,lr_scale,loss,valid_tokens,aux_loss,loss_by_source.books,loss_by_source.code,loss_by_row_type.long,long_token_frac,mean_segment_len,loss_nonfinite,grad_nonfinite,grad_norm,grad_clipped,skipped,spike,step_time,data_time,tokens_per_sec,tokens_per_sec_per_gpu,peak_mem_gb,peak_mem_reserved_gb,sparse_phase,loss_ema,indexer_kl,indexer_kl_by_type.csa,segment,loss_by_source.finepdfs_edu,loss_by_source.fineweb_edu
40,1790385609.4393067,688128,0,0,0,0.0006,1.0,1.0,8.863249061527192,32766,0.7371915578842163,8.028722608801807,9.697775514252578,8.863249061527192,1.0,16384.0,0,0,2.5962891578674316,1,0,0,2.4584489569533616,0.2079745139926672,13328.729037599307,13328.729037599307,6.592154026031494,7.359375,1,8.863249061527192,0.061432626408835254,0.061432626408835254,0,,
41,1790385612.2623003,720896,1,1,0,0.0004658359213500126,0.7763932022500211,1.0,8.504043595867415,32764,0.663672685623169,7.871156942494353,9.136852987853263,8.504043595867415,0.860321044921875,8192.0,0,0,3.600419759750366,1,0,0,1.494180359179154,2.1481886506080627e-05,21930.418104278586,21930.418104278586,6.58774995803833,14.8671875,1,8.856064952213996,0.05530605837702751,0.05530605837702751,0,,
42,1790385613.7585335,753664,2,2,0,0.00041026334038989716,0.683772233983162,1.0,8.355359309192455,32766,0.5140105485916138,7.6364667261795764,9.074251892205336,8.355359309192455,1.0,16384.0,0,0,1.1364370584487915,1,0,0,1.493438659934327,1.878407783806324e-05,21941.309595829636,21941.309595829636,6.58774995803833,14.8671875,1,8.846050839353566,0.042834210597599544,0.042834210597599544,0,,
43,1790385615.2546372,786432,3,3,0,0.00036762099922755495,0.6127016653792583,1.0,8.038066326374901,32766,0.5324368476867676,8.038066326374901,,8.038066326374901,1.0,16384.0,0,0,1.35867440700531,1,0,0,1.493222557939589,1.8644146621227264e-05,21944.48498368164,21944.48498368164,6.58774995803833,14.8671875,1,8.829891149093992,0.04436973971314728,0.04436973971314728,0,,
44,1790385616.751142,819200,4,4,0,0.00033167184270002523,0.5527864045000421,1.0,7.74031126968504,32766,0.5150136351585388,7.7028746452115,,7.74031126968504,1.0,16384.0,0,0,1.6404985189437866,1,0,0,1.4939060530159622,1.9630882889032364e-05,21934.444896214554,21934.444896214554,6.58774995803833,14.8671875,1,8.808099551505814,0.0429178048701336,0.0429178048701336,0,7.777747894158579,
45,1790385618.2485876,851968,5,5,0,0.0003,0.5,1.0,9.270399530749275,32765,0.7570223808288574,,10.341175875907954,9.270399530749275,0.9356689453125,10922.666666666666,0,0,2.2824172973632812,1,0,0,1.4942078560125083,1.7693964764475822e-05,21930.01453455462,21930.01453455462,6.58774995803833,14.8671875,1,8.817345551090684,0.06308519855762522,0.06308519855762522,0,,8.199557822610181
46,1790385619.746083,884736,6,6,0,0.00027136646549690035,0.4522774424948339,1.0,7.867352287469475,32760,0.5266993045806885,7.647630017551893,,7.867352287469475,0.615631103515625,4096.0,0,0,3.032083511352539,1,0,0,1.4944885449949652,2.0870007574558258e-05,21925.895725156188,21925.895725156188,6.58774995803833,14.8671875,1,8.79834568581826,0.04389160646436115,0.04389160646436115,0,,8.087074557387057
47,1790385621.2431056,917504,7,7,0,0.00024503521301402303,0.4083920216900384,1.0,8.091014695110786,32766,0.5610404014587402,8.56958527894769,,8.091014695110786,1.0,16384.0,0,0,1.4054690599441528,1,0,0,1.4941952608060092,1.8551014363765717e-05,21930.1993919617,21930.1993919617,6.58774995803833,14.8671875,1,8.784199066004112,0.046753367176279426,0.046753367176279426,0,7.612444111273882,
48,1790385622.739641,950272,8,8,0,0.00022052668077979446,0.3675444679663241,1.0,7.872516003631813,32766,0.5438441038131714,7.872516003631813,,7.872516003631813,1.0,16384.0,0,0,4.0624518394470215,1,0,0,1.4939741929993033,1.951400190591812e-05,21933.444468819736,21933.444468819736,6.58774995803833,14.8671875,1,8.765965404756665,0.04532034136354923,0.04532034136354923,0,,
49,1790385624.2364905,983040,9,9,0,0.00019750776405003784,0.3291796067500631,1.0,8.036332834198078,32765,0.5212829113006592,7.76044957043887,,8.036332834198078,0.996826171875,10922.666666666666,0,0,1.4888300895690918,1,0,0,1.4936535151209682,2.5046057999134064e-05,21938.153439384623,21938.153439384623,6.58774995803833,14.8671875,1,8.751372753345493,0.04344024183228612,0.04344024183228612,0,,8.312232938591137
50,1790385626.3152604,1015808,10,10,0,0.00017573593128807145,0.2928932188134524,1.0,8.969234510911033,32765,0.7752560973167419,,9.639910654336813,8.969234510911033,0.930450439453125,10922.666666666666,0,0,1.637308955192566,1,0,0,1.5002227020449936,2.2219959646463394e-05,21842.090481188603,21842.090481188603,6.58774995803833,14.8671875,1,8.755729988496803,0.06460467462117474,0.06460467462117474,0,,8.29851742766451
51,1790385629.0132294,1048576,11,11,0,0.00015502809077426019,0.2583801512904337,1.0,9.269811885796253,32766,0.8956122398376465,,10.952401117011537,9.269811885796253,1.0,16384.0,0,0,0.9798967242240906,0,0,0,1.4943823129869998,1.7941929399967194e-05,21927.4543838134,21927.4543838134,6.58774995803833,14.8671875,1,8.766011626442792,0.07463435712270439,0.07463435712270439,0,7.587222654580968,
52,1790385630.5099587,1081344,12,12,0,0.00013524199845510993,0.2254033307585166,1.0,8.60590094962305,32763,0.5447040796279907,7.724414777930403,9.487225706525056,8.60590094962305,0.872528076171875,6553.6,0,0,0.9604181051254272,0,0,0,1.493796476861462,1.8767081201076508e-05,21936.053878535808,21936.053878535808,6.58774995803833,14.8671875,1,8.762809412906396,0.04539200554912289,0.04539200554912289,0,,
53,1790385632.006328,1114112,13,13,0,0.00011626453510208697,0.19377422517014498,1.0,8.898812566763315,32765,0.734041690826416,,9.762349882500153,8.898812566763315,0.986785888671875,10922.666666666666,0,0,1.6505167484283447,1,0,0,1.4936691981274635,1.957593485713005e-05,21937.923096412218,21937.923096412218,6.58774995803833,14.8671875,1,8.765529475983534,0.06117013810823361,0.06117013810823361,0,,8.035222538456843
54,1790385633.5028667,1146880,14,14,0,9.800398407955465e-05,0.16333997346592444,1.0,8.530425975096136,32766,0.7040212154388428,,8.530425975096136,8.530425975096136,1.0,16384.0,0,0,2.5834922790527344,1,0,0,1.494090422987938,1.8042977899312973e-05,21931.738197256716,21931.738197256716,6.58774995803833,14.8671875,1,8.760827405965786,0.05866843073939284,0.05866843073939284,0,,
55,1790385634.9996252,1179648,15,15,0,8.038475772933683e-05,0.1339745962155614,1.0,8.999425853018373,32766,1.032218337059021,8.120738723066593,9.878112982970151,8.999425853018373,1.0,16384.0,0,0,2.718526840209961,1,0,0,1.4940052810125053,1.7977086827158928e-05,21932.988066677204,21932.988066677204,6.58774995803833,14.8671875,1,8.765599374906838,0.08601819770410657,0.08601819770410657,0,,
56,1790385636.4967935,1212416,16,16,0,6.334368540005048e-05,0.10557280900008414,1.0,8.851057021760361,32766,0.472042441368103,7.689873840261247,10.012240203259477,8.851057021760361,1.0,16384.0,0,0,1.9993019104003906,1,0,0,1.4942664678674191,1.8642982468008995e-05,21929.154340701825,21929.154340701825,6.58774995803833,14.8671875,1,8.767308527843909,0.03933686871702472,0.03933686871702472,0,,
57,1790385637.9937518,1245184,17,17,0,4.6827332562426745e-05,0.07804555427071125,1.0,8.021314058541648,32763,0.4928686022758484,,,8.021314058541648,0.814788818359375,6553.6,0,0,1.1352710723876953,1,0,0,1.4941998559515923,1.7071841284632683e-05,21930.13194953861,21930.13194953861,6.58774995803833,14.8671875,1,8.752388638457864,0.041072384376699723,0.041072384376699723,0,7.986129974972531,8.056500289970087
58,1790385639.5523696,1277952,18,18,0,3.0790021169691734e-05,0.05131670194948623,1.0,7.842036142647867,32766,0.5175362229347229,7.842036142647867,,7.842036142647867,1.0,16384.0,0,0,1.5981900691986084,1,0,0,1.5557651109993458,1.8871156498789787e-05,21062.30546521992,21062.30546521992,6.58774995803833,14.8671875,1,8.734181588541665,0.04312801694807907,0.04312801694807907,0,,
59,1790385641.0544782,1310720,19,19,0,1.5192339311462199e-05,0.025320565519103666,1.0,9.167122260712977,32764,0.4974496364593506,,10.060537218458158,9.167122260712977,0.84136962890625,8192.0,0,0,1.0942927598953247,1,0,0,1.4993222570046782,1.6564037650823593e-05,21855.20814282006,21855.20814282006,6.58774995803833,14.8671875,1,8.742840401985092,0.04145413668205341,0.04145413668205341,0,8.273598223551677,
