step,time,tokens_seen,data_index,data_batch,data_epoch,lr,lr_frac,lr_scale,loss,valid_tokens,aux_loss,loss_by_source.fineweb_edu,loss_by_source.finepdfs_edu,loss_by_source.code,loss_by_row_type.trunk,mean_segment_len,loss_nonfinite,grad_nonfinite,grad_norm,grad_clipped,skipped,spike,step_time,data_time,tokens_per_sec,tokens_per_sec_per_gpu,peak_mem_gb,peak_mem_reserved_gb,sparse_phase,loss_ema,indexer_kl,indexer_kl_by_type.dsa,segment,loss_by_source.books,loss_by_source.math
0,1790385390.8948216,16384,0,0,0,0.00011999999999999999,0.2,1.0,11.793995831551944,16373,0.009004343301057816,11.811150976109007,11.814642475579976,11.73907013125763,11.793996308709461,1489.4545454545455,0,0,7.349269866943359,1,0,0,1.1278433299157768,0.05669834092259407,14526.840355764214,14526.840355764214,7.860099792480469,8.93359375,0,11.793995831551944,0.003001447922239701,0.003001447922239701,0,,
1,1790385391.5109694,32768,1,1,0,0.00023999999999999998,0.4,1.0,11.801915353368761,16371,0.009025553241372108,11.799300112302896,11.800291895604396,,11.801915114760858,1260.3076923076924,0,0,3.099205732345581,1,0,0,0.26062892307527363,2.1412037312984467e-05,62863.32233076085,62863.32233076085,8.181766510009766,8.970703125,0,11.794154221988281,0.0030085179023444653,0.0030085179023444653,0,11.808762591575091,
2,1790385391.7641106,49152,2,2,0,0.00035999999999999997,0.6,1.0,11.74533836351698,16372,0.008719636127352715,11.758471816945734,,11.768315972222222,11.74533884070364,1365.3333333333333,0,0,3.622605323791504,1,0,0,0.2509061750024557,1.8705148249864578e-05,65299.30959188088,65299.30959188088,8.181885719299316,8.970703125,0,11.793177904818855,0.002906545220563809,0.002906545220563809,0,,11.696121413308914
3,1790385392.0171163,65536,3,3,0,0.00047999999999999996,0.8,1.0,11.68623362395407,16373,0.008178191259503365,11.626776739887571,,11.745638736263736,11.686233146796555,1489.4545454545455,0,0,3.3184046745300293,1,0,0,0.2506089510861784,1.7623882740736008e-05,65376.75501608853,65376.75501608853,8.181856155395508,8.970703125,0,11.791039019201559,0.0027260636755575738,0.0027260636755575738,0,,
4,1790385392.2709415,81920,4,4,0,0.0006,1.0,1.0,11.38652844551282,16380,0.006234044674783945,11.30291514041514,,11.61955318986569,11.386528207036019,4096.0,0,0,2.190894365310669,1,0,0,0.25179933896288276,1.7930986359715462e-05,65067.68471864468,65067.68471864468,8.1817626953125,8.970703125,0,11.782948807727784,0.0020780148527895412,0.0020780148527895412,0,11.311822248931623,
5,1790385392.5268788,98304,5,5,0,0.0006,1.0,1.0,11.243512728300043,16371,0.005756082013249397,11.151802076970068,11.33521313064989,,11.243513205515852,1260.3076923076924,0,0,1.5953878164291382,1,0,0,0.2534987209364772,1.7102109268307686e-05,64631.48981373194,64631.48981373194,8.181886672973633,8.970703125,0,11.77216008613923,0.001918693888001144,0.001918693888001144,0,,
6,1790385392.78036,114688,6,6,0,0.0006,1.0,1.0,11.043913267644363,16365,0.0059881568886339664,11.04391279025359,,,11.04391279025359,862.3157894736842,0,0,1.5327246189117432,1,0,0,0.251418893923983,1.880503259599209e-05,65166.14461343441,65166.14461343441,8.181917190551758,8.970703125,0,11.757595149769333,0.0019960522186011076,0.0019960522186011076,0,,
7,1790385393.0333211,131072,7,7,0,0.0006,1.0,1.0,11.269981815198143,16377,0.0081451665610075,11.081349206349206,11.033399773949169,11.48250248015873,11.269981815198143,2340.5714285714284,0,0,1.25777268409729,1,0,0,0.25067106797359884,1.6750069335103035e-05,65360.55450055207,65360.55450055207,8.181767463684082,8.970703125,0,11.74784288307791,0.002715055636751155,0.002715055636751155,0,,
8,1790385393.2870004,147456,8,8,0,0.0006,1.0,1.0,10.837381430622594,16367,0.00896158441901207,10.8296712703666,10.860509072580646,,10.837381191956375,963.7647058823529,0,0,1.3293297290802002,1,0,0,0.2516391191165894,1.9031809642910957e-05,65109.113628747706,65109.113628747706,8.181886672973633,8.970703125,0,11.729633654028804,0.0029871946511169276,0.0029871946511169276,0,,
9,1790385393.5425544,163840,9,9,0,0.0006,1.0,1.0,10.76754854665364,16376,0.014685116708278656,10.698024166463117,10.714428597605668,,10.76754854665364,2048.0,0,0,1.3482328653335571,1,0,0,0.2530566791538149,1.857592724263668e-05,64744.38870685309,64744.38870685309,8.181795120239258,8.970703125,0,11.7103919518813,0.004895038592318694,0.004895038592318694,0,10.959657356532357,
10,1790385394.3689973,180224,10,10,0,0.0006,1.0,1.0,10.476483759391607,16371,0.004677377641201019,10.46933421920821,,,10.476483520783702,1260.3076923076924,0,0,1.4583804607391357,1,0,0,0.2559940149076283,2.1378975361585617e-05,64001.49630807551,64001.49630807551,8.181886672973633,8.970703125,1,11.685713788031507,0.001559125919205447,0.001559125919205447,0,10.497915712759463,
11,1790385394.8469665,196608,11,11,0,0.0006,1.0,1.0,10.41823594188958,16374,0.005214116536080837,10.442940780028104,,,10.41823594188958,1638.4,0,0,1.2683109045028687,1,0,0,0.2509595730807632,1.8860213458538055e-05,65285.41549091391,65285.41549091391,8.18191146850586,8.970703125,1,11.660364231108668,0.0017380389229704936,0.0017380389229704936,0,10.341411973443224,10.445686431623932
12,1790385395.0979605,212992,12,12,0,0.0006,1.0,1.0,10.382393129770993,16375,0.005562343634665012,10.226512836185819,,10.970276251526252,10.38239336832061,1820.4444444444443,0,0,1.204164981842041,1,0,0,0.2489836800377816,1.8934020772576332e-05,65803.50968189497,65803.50968189497,8.181766510009766,8.970703125,1,11.634804809081913,0.0018541145060832302,0.0018541145060832302,0,10.166297027625152,
13,1790385395.3504767,229376,13,13,0,0.0006,1.0,1.0,10.088598029775007,16356,0.006049449555575848,10.088598268601736,,,10.088598268601736,585.1428571428571,0,0,1.298896074295044,1,0,0,0.250139077892527,1.7443904653191566e-05,65499.56183591368,65499.56183591368,8.182985305786133,8.970703125,1,11.603880673495775,0.0020164832628021636,0.0020164832628021636,0,,
14,1790385395.6035674,245760,14,14,0,0.0006,1.0,1.0,9.8790883523248,16367,0.006259945221245289,9.866098257211538,9.918016445360195,,9.87908811365858,963.7647058823529,0,0,1.3566077947616577,1,0,0,0.25097621814347804,1.9351951777935028e-05,65281.08567893711,65281.08567893711,8.182981491088867,8.970703125,1,11.569384827072355,0.0020866483294715485,0.0020866483294715485,0,,
15,1790385395.8558078,262144,15,15,0,0.0006,1.0,1.0,9.822985737639797,16363,0.006639402825385332,9.816755227013369,9.8416504502442,,9.822985498915235,780.1904761904761,0,0,1.3258836269378662,1,0,0,0.24987218994647264,1.7181970179080963e-05,65569.52177635199,65569.52177635199,8.181886672973633,8.970703125,1,11.534456845283703,0.0022131341587131224,0.0022131341587131224,0,,
16,1790385396.1083791,278528,16,16,0,0.0006,1.0,1.0,9.996320216567902,16369,0.00699587119743228,9.666218364103191,,10.325979662698412,9.99632069384202,1092.2666666666667,0,0,1.0774505138397217,1,0,0,0.25057598599232733,1.8430175259709358e-05,65385.35580381466,65385.35580381466,8.181886672973633,8.970703125,1,11.503694112709388,0.0023319569882005453,0.0023319569882005453,0,,
17,1790385396.3617592,294912,17,17,0,0.0006,1.0,1.0,9.445517665200928,16374,0.0073213158175349236,9.378241366538367,9.512744677197801,,9.445517665200928,1638.4,0,0,1.3929873704910278,1,0,0,0.2510178529191762,2.912292256951332e-05,65270.25790980448,65270.25790980448,8.181795120239258,8.970703125,1,11.462530583759218,0.0024404386058449745,0.0024404386058449745,0,,
18,1790385396.6151621,311296,18,18,0,0.0006,1.0,1.0,9.246137173986074,16372,0.007744342554360628,9.33902831673185,,8.647121108058608,9.246137889766064,1365.3333333333333,0,0,1.8780221939086914,1,0,0,0.25095983990468085,1.782504841685295e-05,65285.34607857155,65285.34607857155,8.181825637817383,8.970703125,1,11.418202715563755,0.002581447634535531,0.002581447634535531,0,,9.659555288461538
19,1790385396.8688073,327680,19,19,0,0.0006,1.0,1.0,9.226228763063007,16363,0.00808972679078579,9.158065912795436,9.43056934094796,,9.226229240512131,780.1904761904761,0,0,1.34843909740448,1,0,0,0.25116184703074396,1.8969178199768066e-05,65232.83768491512,65232.83768491512,8.181886672973633,8.970703125,1,11.374363236513739,0.002696575519318382,0.002696575519318382,0,,
20,1790385402.462688,344064,20,20,0,0.0006,1.0,1.0,9.088853039611223,16359,0.008259423077106476,9.088852562045357,,,9.088852562045357,655.36,0,0,1.293481707572937,1,0,0,0.2569507109001279,2.372101880609989e-05,63763.201676325254,63763.201676325254,8.181917190551758,8.970703125,1,11.328653032575689,0.0027531408704817295,0.0027531408704817295,0,,
21,1790385402.9397311,360448,21,21,0,0.0006,1.0,1.0,9.02121654241017,16364,0.008630488067865372,8.905261736897872,,,9.02121654241017,819.2,0,0,1.3131507635116577,1,0,0,0.25177357089705765,1.8067890778183937e-05,65074.34414829389,65074.34414829389,8.182984352111816,8.970703125,1,11.282504302772379,0.002876829511175553,0.002876829511175553,0,,9.3686278998779
22,1790385403.1929355,376832,22,22,0,0.0006,1.0,1.0,9.221525148109693,16373,0.009004521183669567,8.84628192594403,8.65325473137973,10.539642475579976,9.221525625267208,1489.4545454545455,0,0,1.269349217414856,1,0,0,0.2511695339344442,1.8293969333171844e-05,65230.841270248406,65230.841270248406,8.181766510009766,8.970703125,1,11.241284719679125,0.0030015071776385107,0.0030015071776385107,0,,
23,1790385403.447082,393216,23,23,0,0.0006,1.0,1.0,9.41277377136752,16380,0.009529105387628078,8.51553724053724,8.837471382783884,10.14904275412088,9.41277353289072,4096.0,0,0,0.9770484566688538,0,0,0,0.2516996441408992,1.6976846382021904e-05,65093.45714779154,65093.45714779154,8.1817626953125,8.970703125,1,11.204714500712893,0.0031763685013478002,0.0031763685013478002,0,,
24,1790385403.7009246,409600,24,24,0,0.0006,1.0,1.0,8.648350583012409,16359,0.009951287880539894,8.648350821795342,,,8.648350821795342,655.36,0,0,1.1815038919448853,1,0,0,0.25165085797198117,1.8049031496047974e-05,65106.07645861552,65106.07645861552,8.181947708129883,8.970703125,1,11.153587222358883,0.0033170959601799646,0.0033170959601799646,0,,
25,1790385403.9918392,425984,25,25,0,0.0006,1.0,1.0,9.673717894881506,16372,0.010416083037853241,8.955708796748961,,10.391026117979242,9.673718133474836,1365.3333333333333,0,0,0.7801405787467957,0,0,0,0.2885075630620122,1.660897396504879e-05,56788.805902042855,56788.805902042855,8.181795120239258,8.970703125,1,11.123989835809336,0.0034720277956997356,0.0034720277956997356,0,,
26,1790385404.25649,442368,26,26,0,0.0006,1.0,1.0,9.172062011480214,16376,0.010298409499228,8.56510671290638,,9.7986817002442,9.172062488550317,2048.0,0,0,1.0344804525375366,1,0,0,0.26216793595813215,1.8300022929906845e-05,62494.29374390201,62494.29374390201,8.181852340698242,8.970703125,1,11.084951279322754,0.0034328033216297626,0.0034328033216297626,0,8.525186965811965,
27,1790385404.5210772,458752,27,27,0,0.0006,1.0,1.0,9.468478991083424,16374,0.010447503998875618,8.302173132183908,8.328531364468864,10.620751297313797,9.468478991083424,1638.4,0,0,0.9542194604873657,0,0,0,0.2620903439819813,1.6828998923301697e-05,62512.79521051871,62512.79521051871,8.181767463684082,8.970703125,1,11.052621833557968,0.0034825014881789684,0.0034825014881789684,0,,
28,1790385404.781253,475136,28,28,0,0.0006,1.0,1.0,8.3915669495539,16364,0.010381803847849369,8.36670323834461,,,8.391567188263872,819.2,0,0,1.061923623085022,1,0,0,0.25803470495156944,1.8529128283262253e-05,63495.33487394696,63495.33487394696,8.182985305786133,8.970703125,1,10.999400735877886,0.0034606011662011347,0.0034606011662011347,0,8.46606188949939,
29,1790385405.035486,491520,29,29,0,0.0006,1.0,1.0,8.472858375588002,16369,0.010492394678294659,8.499044926650367,8.69060286394724,,8.472858136950943,1092.2666666666667,0,0,0.9740625023841858,0,0,0,0.25158372800797224,1.7195940017700195e-05,65123.44868139016,65123.44868139016,8.181886672973633,8.970703125,1,10.948869888672089,0.0034974647763495645,0.0034974647763495645,0,8.202856952075702,
30,1790385405.8655436,507904,30,30,0,0.0006,1.0,1.0,8.351635540788267,16365,0.010527390986680984,8.351635779483654,,,8.351635779483654,862.3157894736842,0,0,1.0731521844863892,1,0,0,0.25915142497979105,2.4734996259212494e-05,63221.7245237129,63221.7245237129,8.181856155395508,8.970703125,1,10.896925201714412,0.003509130522919198,0.003509130522919198,0,,
31,1790385406.3519592,524288,31,31,0,0.0006,1.0,1.0,8.214857590103849,16370,0.010469931177794933,8.054458282396087,8.108188339438339,,8.214857828726329,1170.2857142857142,0,0,0.8542221784591675,0,0,0,0.25219960208050907,1.908792182803154e-05,64964.41653690546,64964.41653690546,8.181855201721191,8.970703125,1,10.8432838494822,0.0034899770204598704,0.0034899770204598704,0,,8.641934714590965
32,1790385406.6132839,540672,32,32,0,0.0006,1.0,1.0,8.115190197456903,16358,0.011043654754757881,8.115190197456903,,,8.115190197456903,630.1538461538462,0,0,0.9436060190200806,0,0,0,0.2571715821977705,2.3286091163754463e-05,63708.438778435295,63708.438778435295,8.181977272033691,8.970703125,1,10.788721976441694,0.0036812180187553167,0.0036812180187553167,0,,
33,1790385406.874874,557056,33,33,0,0.0006,1.0,1.0,8.827280431197703,16373,0.010988432914018631,8.227345563309308,8.44268351356305,10.410878357753358,8.827280192618947,1489.4545454545455,0,0,0.6812801957130432,0,0,0,0.2589196430053562,1.883693039417267e-05,63278.31990584457,63278.31990584457,8.181943893432617,8.970703125,1,10.749493145536814,0.0036628107385089,0.0036628107385089,0,,
34,1790385407.1315608,573440,34,34,0,0.0006,1.0,1.0,8.147443511671963,16364,0.011216213926672935,8.06269895739956,8.401509627718056,,8.147443034252017,819.2,0,0,0.7003347873687744,0,0,0,0.25454297894611955,2.9307091608643532e-05,64366.34028498617,64366.34028498617,8.181978225708008,8.970703125,1,10.697452152859517,0.003738738091972967,0.003738738091972967,0,,
35,1790385407.3881013,589824,35,35,0,0.0006,1.0,1.0,8.091691291002382,16371,0.011098964139819145,8.027355205278592,,,8.091692006826095,1260.3076923076924,0,0,0.741132378578186,0,0,0,0.2540793279185891,1.92238949239254e-05,64483.79777377907,64483.79777377907,8.181947708129883,8.970703125,1,10.645336935622375,0.003699654790883263,0.003699654790883263,0,8.284561011904762,
36,1790385407.6596117,606208,36,36,0,0.0006,1.0,1.0,8.464402721774194,16368,0.011637977324426174,8.107734266784812,,9.533363858363858,8.464402960425831,1024.0,0,0,0.5176987648010254,0,0,0,0.2689640559256077,2.2897962480783463e-05,60915.2027530832,60915.2027530832,8.181917190551758,8.970703125,1,10.60171825134541,0.003879325930029154,0.003879325930029154,0,,
37,1790385407.9151742,622592,37,37,0,0.0006,1.0,1.0,8.604386093883662,16366,0.01203397661447525,7.960771489945807,,10.533030944749695,8.604386451904864,910.2222222222222,0,0,0.40589484572410583,0,0,0,0.25311021809466183,1.995009370148182e-05,64730.693700688425,64730.693700688425,8.181947708129883,8.970703125,1,10.561771608196175,0.004011325848599275,0.004011325848599275,0,,
38,1790385408.1753063,638976,38,38,0,0.0006,1.0,1.0,8.866553280190582,16371,0.012474315240979195,7.84740348703104,8.892953670901539,10.876722756410256,8.866553160886628,1260.3076923076924,0,0,1.2091139554977417,1,0,0,0.2580630020238459,3.130687400698662e-05,63488.37249628702,63488.37249628702,8.181825637817383,8.970703125,1,10.527867241636063,0.004158105313157042,0.004158105313157042,0,,
39,1790385408.437686,655360,39,39,0,0.0006,1.0,1.0,8.561803392573593,16374,0.012363024055957794,8.038922411488882,8.43587644993895,9.732726648351647,8.561803511855686,1638.4,0,0,0.9179677963256836,0,0,0,0.25982247292995453,2.0235078409314156e-05,63058.440693145734,63058.440693145734,8.181795120239258,8.970703125,1,10.488545964654813,0.004121007785821955,0.004121007785821955,0,,
