step,layer,type,act.act_rms,act.act_absmax,act.mixer_out_rms,act.ffn_out_rms,mixer.recall_mean,mixer.recall_min_head,mixer.recall_headavg_dist,mixer.recall_all_queries,mixer.effective_sparsity,mixer.density,mixer.indexer_kl_dense,mixer.sparse_phase,mixer.top_k,grad_norm.mixer,grad_norm.indexer,grad_norm.ffn,grad_norm.norm,grad_norm.total,update.mixer.ratio,update.mixer.w_norm,update.mixer.max_matrix_ratio,update.indexer.ratio,update.indexer.w_norm,update.indexer.max_matrix_ratio,update.ffn.ratio,update.ffn.w_norm,update.ffn.max_matrix_ratio,update.norm.ratio,update.norm.w_norm,update.norm.max_matrix_ratio
40,0,dsa,0.09770301729440689,0.7756146192550659,0.020717428997159004,0.08691217750310898,0.1117975115776062,0.11107534170150757,0.1117975190281868,0.13955383375287056,0.96875,0.13943615555763245,0.0028821383602917194,1,128,0.05183891501927165,0.002765936036156863,0.026578289187022645,0.001676571668307535,0.05834500716598941,0.008477164969137847,9.067903801706334,0.016684643750950186,0.00517168695192767,6.194904486029422,0.012666563220928314,0.01095125114830118,12.521707106063921,0.026555424353678022,0.0002893920568607457,22.681895532398624,0.0
40,1,dsa,0.37354299426078796,1.3192672729492188,0.146404430270195,0.20610260963439941,0.11113009601831436,0.10997961461544037,0.11113009601831436,0.1389072798192501,0.96875,0.13943615555763245,0.0066019571386277676,1,128,0.040928714915589914,0.0008725606181715704,0.044227575633226844,0.00107722490814151,0.06027569930386156,0.008509130927379722,9.083315150524681,0.019765087896101066,0.005697759328122931,6.333312738297113,0.01265874881469419,0.009937331728506147,12.509576007811367,0.0250887307900478,0.00027769660088191125,22.679272195286757,0.0
40,2,dsa,0.5485146045684814,1.7380156517028809,0.12436708807945251,0.09296130388975143,0.10499785654246807,0.10301263630390167,0.10499785095453262,0.13296667486429214,0.96875,0.13943615555763245,0.009521419182419777,1,128,0.044307945023328535,0.0028167140881415397,0.022967653623957463,0.0006025583654813176,0.04999003960809129,0.0067347920869813135,9.09957752737795,0.016735820583735062,0.005794610137129488,6.381419399964707,0.012777957449136073,0.00801850721108704,12.377913388824327,0.020225794533567282,0.0001858922238663608,22.623825643525496,0.0
40,3,dsa,0.710601806640625,2.262429714202881,0.15479949116706848,0.06411054730415344,0.1396029107272625,0.13363738358020782,0.1396029144525528,0.1664903201162815,0.96875,0.13943615555763245,0.013318490236997604,1,128,0.0428009797868768,0.4634193531635798,0.015655473507789425,0.00047747025254622766,0.46565517562447695,0.006409237241041929,9.079355060898775,0.016668299032047144,0.00675026742714341,6.435842058503114,0.018991651880635337,0.0068014416166080945,12.349497227135606,0.016927307491502844,0.0001720470962950237,22.609671117405394,0.0
40,4,dsa,0.8894476294517517,2.798562526702881,0.1822163611650467,0.06414036452770233,0.09601753950119019,0.08214401453733444,0.09601754695177078,0.12426699139177799,0.96875,0.13943615555763245,0.035176247358322144,1,128,0.04179627332964312,0.0,0.014388857221935149,0.0003714406409755007,0.044205267158442106,0.004526732589744295,9.075025244341715,0.016608653267334003,0.002451302751054968,6.451178580995437,0.006399934665653263,0.006597394103624527,12.339223545556369,0.016234926261836116,0.00016699884023739175,22.598095251213014,0.0
40,5,dsa,1.1420083045959473,3.309774875640869,0.2521510124206543,0.09057600051164627,0.08622271753847599,0.08032519370317459,0.08622271567583084,0.11477825604379177,0.96875,0.13943615555763245,0.09257504343986511,1,128,0.04701598219199536,0.0,0.016702132528634887,0.0003288588588292584,0.04989561063491597,0.004662163968066426,9.085738547994024,0.018264803707980698,0.000927143339844815,6.470183622385946,0.002544840241391742,0.006649917757907123,12.33628397948265,0.016877145818830906,0.00016883552204393173,22.60802375230351,0.0
40,6,dsa,1.469509482383728,3.904501438140869,0.3193794786930084,0.09997756034135818,0.08462873846292496,0.07161606848239899,0.08462873846292496,0.11323408782482147,0.96875,0.13943615555763245,0.08553861081600189,1,128,0.04904381193245526,0.0,0.017592895960091882,0.0002869565054171939,0.05210458541399844,0.004444848305607653,9.069898125605988,0.018800275289255583,0.0007001849164906,6.481863387032936,0.0018577248603535794,0.006702168242953704,12.319268186569268,0.016643215593478946,0.0001656857948156311,22.604151055734793,0.0
40,7,dsa,1.8045681715011597,4.441610813140869,0.3099634349346161,0.09528860449790955,0.10120457410812378,0.08311382681131363,0.10120458155870438,0.1292919274419546,0.96875,0.13943615555763245,0.019323188811540604,1,128,0.045749672738136085,0.0,0.016434539496548654,0.0002840393180715287,0.048612830841706596,0.00438826491854766,9.051723286504535,0.0189227170574653,0.001763585600028472,6.471359424170697,0.0036372774733760033,0.00669279973579068,12.332744512747167,0.01626895947817564,0.00018705422590274272,22.592171852063792,0.0
40,8,dsa,2.2362351417541504,5.028355598449707,0.38975340127944946,0.12251393496990204,0.08849850296974182,0.07323666661977768,0.08849851042032242,0.11698292009532452,0.96875,0.13943615555763245,0.08551137894392014,1,128,0.052234572314098726,0.0,0.019092312561205357,0.0002809306967880638,0.05561515859752597,0.004678958215896964,9.065457305294066,0.020134043222117128,0.0009148135624951377,6.466450639173853,0.0020114203606063294,0.006852043155201941,12.286955980993545,0.01720613095880851,0.00016122909711536996,22.59226193334969,0.0
40,9,dsa,2.7528011798858643,5.81764554977417,0.4345705509185791,0.15929754078388214,0.0684356065467,0.06019431725144386,0.06843560934066772,0.09754699468612671,0.96875,0.13943615555763245,0.23181787133216858,1,128,0.053366611328645425,0.0,0.02008330224944245,0.00023444025792637756,0.05702095400972964,0.004952775775903774,9.110239466193676,0.02066650272699506,0.0005296400634351213,6.500580341741144,0.0014524070921194318,0.007240188699774265,12.32540227550071,0.018453711442855465,0.00016763859409347397,22.5922282893426,0.0
40,10,dsa,3.4329845905303955,6.91725492477417,0.5352755784988403,0.22362107038497925,0.08657952677458525,0.038793910294771194,0.08657952398061752,0.11512391828000546,0.96875,0.13943615555763245,0.1586621254682541,1,128,0.06063732887613973,0.0,0.02608128987707873,0.0002528721831583528,0.06600896362787674,0.005042140455348541,9.114898717427769,0.021952974536747126,0.0009755661651397601,6.474137159483329,0.002182902296094529,0.0070622672704090715,12.335968272300152,0.019956399690735496,0.00014302089650448176,22.61183305469591,0.0
40,11,dsa,4.171894550323486,8.248184204101562,0.5499258041381836,0.25978872179985046,0.2436661198735237,0.1439916491508484,0.2436661273241043,0.2673015519976616,0.96875,0.13943615555763245,0.8848427534103394,1,128,0.0622206895246177,0.23809022028611354,0.03121595268844316,0.00026898543891423787,0.24805820941106224,0.00519495938160571,9.126132330760695,0.02294321123612912,0.0039743945540109205,6.495285114327892,0.00899136754926785,0.007052218117821729,12.332026254706916,0.019788290737405612,0.000134877598144077,22.602635606836408,0.0
50,0,dsa,0.11863306909799576,1.297163724899292,0.028445545583963394,0.10859661549329758,0.11256719566881657,0.1119999885559082,0.11256719380617142,0.1402994766831398,0.96875,0.13943615555763245,0.0034239175729453564,1,128,0.11715767930973242,0.002499598811640024,0.0734491699468713,0.003173411987501263,0.13833662177813963,0.0033730325193523586,9.077954159989575,0.010323271423830221,0.00201108152515837,6.185127372072732,0.005116456938745392,0.0026386864354251234,12.601092484633147,0.00642405471227688,6.879059975766002e-05,22.69699068955968,0.0
50,1,dsa,0.42288821935653687,2.514338493347168,0.1818513125181198,0.22117438912391663,0.11116182431578636,0.10863643139600754,0.11116181313991547,0.13893801346421242,0.96875,0.13943615555763245,0.010087108239531517,1,128,0.1100794890454123,0.002769371943402526,0.07294406993586719,0.0031231695396025188,0.132120228792724,0.00227866039274325,9.09849547180199,0.007037788716929476,0.0012250530835090127,6.331369258650775,0.003148039624261171,0.002552440832938987,12.54994790985189,0.006807429434659477,4.5818026209252895e-05,22.685569869431795,0.0
50,2,dsa,0.579047441482544,2.939659357070923,0.1329510658979416,0.0756806954741478,0.12242931313812733,0.12031489610671997,0.12242931127548218,0.1498533971607685,0.96875,0.13943615555763245,0.02227398380637169,1,128,0.05175588896543281,0.05210847488175804,0.027879128345117386,0.001065389837334102,0.07856427973254793,0.00164636989123887,9.104851532369091,0.0050270004708910755,0.0028267627956653544,6.38396282667908,0.005953997516193235,0.002056039323943639,12.393170525860025,0.005803226475210171,3.4768097578311604e-05,22.62236187749861,0.0
50,3,dsa,0.7279423475265503,3.233116388320923,0.1489751636981964,0.05398232489824295,0.13954197987914085,0.1337183713912964,0.13954198360443115,0.16643129661679268,0.96875,0.13943615555763245,0.12997734546661377,1,128,0.04518930374291716,0.5292516109203983,0.020101117937816947,0.0007842606767576568,0.5315580973343981,0.0022242507955192834,9.080981229110682,0.005497211477815233,0.001919837502929566,6.448641220001696,0.0043830560644854055,0.0018462004384557297,12.357287069862185,0.0055173138421594275,3.463138338484148e-05,22.603568942808657,0.0
50,4,dsa,0.8872880339622498,3.5511205196380615,0.16544179618358612,0.052802592515945435,0.09550365246832371,0.08637267351150513,0.09550365060567856,0.12376916594803333,0.96875,0.13943615555763245,0.0473557785153389,1,128,0.042991421922425575,1.0419541070263046e-05,0.01738567039689274,0.000621271599838901,0.04637790401720424,0.0017033798215328954,9.080508319185926,0.00590498084934211,0.00032952614375035257,6.452455509092074,0.0008601567680059545,0.0018552389969055027,12.346601487505998,0.005729318117777976,3.5885417749092764e-05,22.59190490059616,0.0
50,5,dsa,1.1248035430908203,4.230808258056641,0.2274465262889862,0.08633498847484589,0.08999989368021488,0.08667515218257904,0.08999989181756973,0.11843739822506905,0.96875,0.13943615555763245,0.08613238483667374,1,128,0.04589108708841544,4.4138064036042e-08,0.018907177488918278,0.0006190669340724595,0.04963724890266179,0.0017395485661474976,9.09267164142914,0.006330385579079716,0.00012428240632891932,6.4698105262704715,0.0003405464762582671,0.0019295142641583903,12.344602602703999,0.006075917087604156,3.637845255358748e-05,22.602251903031323,0.0
50,6,dsa,1.4259767532348633,5.016941070556641,0.2854739725589752,0.0945642963051796,0.08986032009124756,0.08104405552148819,0.08986031264066696,0.11830218322575092,0.96875,0.13943615555763245,0.062283292412757874,1,128,0.047506579222986366,0.0006150615668450115,0.019113658670539907,0.0005079459116828627,0.051213702531880956,0.0016632302199686522,9.075977749663314,0.00661871484324414,0.0003788867914186605,6.481261519182982,0.0010102301508641733,0.0019968134579728585,12.328146451627747,0.006009722296243988,3.782517345950356e-05,22.598693366065174,0.0
50,7,dsa,1.7211958169937134,5.545261383056641,0.27616044878959656,0.07935095578432083,0.10976110212504864,0.0962984710931778,0.10976109653711319,0.13758106902241707,0.96875,0.13943615555763245,0.022995101287961006,1,128,0.045147793425341746,0.00773145515234979,0.015023912233678442,0.0004952803254954436,0.048208525090031776,0.0016190855127472795,9.056028126634967,0.0068810401564744555,0.002069789577644617,6.470474591689631,0.004810222458614312,0.0019859739548640943,12.339762267725169,0.005905350887093531,4.0039078863635885e-05,22.58423217728589,0.0
50,8,dsa,2.102165937423706,6.284775733947754,0.34752821922302246,0.10523799806833267,0.0932357870042324,0.08032861351966858,0.09323578327894211,0.12157216854393482,0.96875,0.13943615555763245,0.05742324888706207,1,128,0.04978614376148981,0.0002191143068751974,0.017906778181177526,0.00043788714496193355,0.052910798252349456,0.0016145719113820959,9.070245019790661,0.007117350330164045,0.0003454514731271218,6.46663888997379,0.0009115374949293523,0.0020559841303783026,12.295870098003636,0.006293161661636472,4.264007074703686e-05,22.585414116834432,0.0
50,9,dsa,2.5790185928344727,7.291611671447754,0.39906075596809387,0.14867275953292847,0.07410676777362823,0.06753473728895187,0.07410676777362823,0.10304093360900879,0.96875,0.13943615555763245,0.16491135954856873,1,128,0.05148013590911322,0.0,0.02172873531672,0.00041739580824108326,0.055879482379005446,0.0016162055165268418,9.116531278795806,0.007250954546879774,7.078090412101775e-05,6.501008547659338,0.00019363382522390892,0.0021054872521813696,12.335402708131587,0.006669477184388129,4.2013879649181274e-05,22.586023475547425,0.0
50,10,dsa,3.2376949787139893,8.650986671447754,0.5193116068840027,0.21555808186531067,0.08996932487934828,0.04725385829806328,0.08996932953596115,0.11840777844190598,0.96875,0.13943615555763245,0.10861355066299438,1,128,0.059779608862094546,0.0,0.028117473859099573,0.00042919128626538986,0.06606344054832723,0.001656835188028474,9.122928959177738,0.007857296166506062,0.0001308372932946222,6.47349445706285,0.0002926486340654435,0.0021544790911596,12.350070720455337,0.007013699743162404,3.9952004669069764e-05,22.609835386160967,0.0
50,11,dsa,3.943436622619629,10.067002296447754,0.5239925384521484,0.24699300527572632,0.21744157001376152,0.13742972910404205,0.21744155883789062,0.24189651757478714,0.96875,0.13943615555763245,0.4147602915763855,1,128,0.05940990525366639,0.26933355544068915,0.03164464221200618,0.00040513067077856666,0.27761781001974406,0.0017462129534986438,9.13376100132258,0.007919188588194643,0.000923128779908546,6.501169409351768,0.0022505098149729914,0.002187101107063734,12.344858950964376,0.006991296848308561,4.25715183208673e-05,22.60054529371224,0.0
59,0,dsa,0.10453973710536957,1.1081211566925049,0.035010773688554764,0.08660469949245453,0.11368461325764656,0.1134786605834961,0.11368460953235626,0.14138197153806686,0.96875,0.13943615555763245,0.0034853466786444187,1,128,0.1854045010441979,0.00351230248425201,0.07942695239579077,0.004400311505050295,0.20178000095255613,0.0003190078324091906,9.079496327349723,0.001229098946639753,0.00020148820744217584,6.182832625028649,0.0006245450829344327,0.0003227534787470897,12.608786345925912,0.0008555678723381184,7.1404922618838775e-06,22.697816259020197,0.0
59,1,dsa,0.4292820394039154,2.6181693077087402,0.1728854477405548,0.24883104860782623,0.11407975666224957,0.11171291768550873,0.11407975107431412,0.14176476001739502,0.96875,0.13943615555763245,0.013095532543957233,1,128,0.11623269346264124,0.016083571109621497,0.10815505743951186,0.0039012559438206863,0.15962912183214528,0.00027268420944947337,9.101617324752175,0.0008992175192335773,0.00019595574597768025,6.331387791728053,0.0006080376570245877,0.0002855933001325475,12.561851347876491,0.0007353246786586214,6.3223156605189916e-06,22.68781252670601,0.0
59,2,dsa,0.59237140417099,2.985596179962158,0.1383761763572693,0.07797084748744965,0.12450411356985569,0.12231751531362534,0.12450411170721054,0.15186336264014244,0.96875,0.13943615555763245,0.032287511974573135,1,128,0.07697049378437634,0.1013568171997316,0.04292405059543933,0.0014830123991310983,0.13432175829539433,0.00030105548979729625,9.104957709475725,0.0006137811985908549,0.0002423421490557704,6.384537607867115,0.0006120048642783255,0.0002512503856380578,12.40012733017018,0.0006528579445615339,4.968168839905154e-06,22.62393625740982,0.0
59,3,dsa,0.7440260648727417,3.299072742462158,0.15405626595020294,0.055804334580898285,0.1373683214187622,0.1308884173631668,0.1373683214187622,0.1643255613744259,0.96875,0.13943615555763245,0.190682053565979,1,128,0.0688785314871731,0.3126657351974565,0.03426595724017304,0.001448759351177895,0.321994361434542,0.00032835839628105783,9.08010004213697,0.0005745980822570236,0.00012771248122254165,6.449676384183345,0.0002764305819106931,0.0002290333555293432,12.361252879127377,0.0006092538709388233,4.19328272730475e-06,22.604239461645744,0.0
59,4,dsa,0.8862879872322083,3.5399527549743652,0.15176549553871155,0.04809708148241043,0.0955047570168972,0.08821042627096176,0.0955047607421875,0.12377023324370384,0.96875,0.13943615555763245,0.059520173817873,1,128,0.062355299546236816,5.61540067101691e-05,0.02697569623570496,0.0012680516254312663,0.06795206161036747,0.0002888145352084491,9.080659223146055,0.0005156544957237784,4.144504302968611e-05,6.452595443610048,9.975634784758564e-05,0.00021427530682236967,12.349477462804208,0.0005681380751140987,4.004241032901127e-06,22.59175354315891,0.0
59,5,dsa,1.0870462656021118,4.204503536224365,0.2011166661977768,0.0720277726650238,0.09080409817397594,0.088117316365242,0.0908041000366211,0.11921646818518639,0.96875,0.13943615555763245,0.10233765840530396,1,128,0.06008895514257388,0.0004702161316191599,0.02413826567502728,0.0013979072411915408,0.06477278477717217,0.00027392246957791053,9.092802469142072,0.0004977465583331258,6.394207567509083e-05,6.469703932717583,0.00015579342695067196,0.00021370616077134985,12.346611852074684,0.0005582092602445884,4.243745263240106e-06,22.6014647472077,0.0
59,6,dsa,1.3368271589279175,4.951573848724365,0.24717681109905243,0.07791870832443237,0.0976827796548605,0.09188342094421387,0.09768277406692505,0.12588019110262394,0.96875,0.13943615555763245,0.06127446889877319,1,128,0.056137041796747465,0.005775558817811565,0.022872168439227528,0.0011362125887448568,0.06090280461117526,0.0002590243564972242,9.075508016153908,0.00046160121316486495,0.00016947273876925952,6.481543026191277,0.00039033167312522846,0.00020300594369985548,12.33009115824552,0.0005162631925193877,4.358588701835483e-06,22.59767802554901,0.0
59,7,dsa,1.577295184135437,5.457433223724365,0.2348642796278,0.06219985708594322,0.11446633748710155,0.10476742684841156,0.1144663468003273,0.1421392634510994,0.96875,0.13943615555763245,0.021697159856557846,1,128,0.051575371402707904,0.021211267946194472,0.016165455605018222,0.0008467319375771726,0.05806871561438608,0.0002437140436188953,9.056216537754231,0.00046006581833463905,0.00023870782571148435,6.471158442055755,0.0005272928468406713,0.0002004523740099889,12.340546394811106,0.0005264889074767902,4.143164313941759e-06,22.58256826673476,0.0
59,8,dsa,1.8821417093276978,6.182027816772461,0.29126983880996704,0.08142916858196259,0.09541338309645653,0.08442839980125427,0.09541339427232742,0.12368171662092209,0.96875,0.13943615555763245,0.05335681885480881,1,128,0.05332901759215579,4.1636261368175095e-05,0.017785467597096434,0.000977253964043575,0.056225116575071045,0.00023734146467600348,9.070512658514653,0.00045585474271730335,0.00012564037143269653,6.467306867519645,0.00030159465707548335,0.00019314598024947844,12.296748440488367,0.0005113415491697643,4.698605825587301e-06,22.583183308029025,0.0
59,9,dsa,2.263599157333374,7.118551254272461,0.3330307900905609,0.11722557246685028,0.07707658968865871,0.07210025191307068,0.07707659155130386,0.10591794550418854,0.96875,0.13943615555763245,0.143294557929039,1,128,0.054662954869125195,0.0,0.023527714565081587,0.0009591550333174464,0.05951900508289691,0.00022366548231790294,9.116751575459498,0.00044188820657953384,5.338556902503105e-05,6.5010379244628735,0.0001165519691007378,0.00018276020238304654,12.335239286827601,0.00047373087424067823,4.79685594384973e-06,22.582761832814825,0.0
59,10,dsa,2.8126142024993896,8.429098129272461,0.4519723951816559,0.17417214810848236,0.09129128232598305,0.05347970873117447,0.09129127115011215,0.11968842707574368,0.96875,0.13943615555763245,0.09271413832902908,1,128,0.06390014249621079,0.0008708402489794573,0.027383200896901987,0.0010879550697050428,0.06953423553451261,0.000224030590195412,9.12297822135363,0.0004726645502408897,6.828872477122098e-05,6.473556985107048,0.00016368443866498995,0.00018484247028102295,12.349402838525972,0.00047747737577102375,5.119193994468373e-06,22.606693130416758,0.0
59,11,dsa,3.4084064960479736,9.778707504272461,0.46240076422691345,0.19921186566352844,0.20722736418247223,0.1365954428911209,0.20722736418247223,0.23200152069330215,0.96875,0.13943615555763245,0.32601580023765564,1,128,0.06495444793972774,0.1591359902492361,0.03206777476153715,0.0010408358891041782,0.17485070550977053,0.00023461931923999087,9.133359409465017,0.00047101962914396244,0.00010095581174173462,6.50129601998228,0.000216632945365765,0.00018051011135879089,12.343278585191717,0.0004669860719133016,5.470540606975319e-06,22.59662430310552,0.0
