step,layer,type,act.act_rms,act.act_absmax,act.mixer_out_rms,act.ffn_out_rms,mixer.forget_gate.mean,mixer.forget_gate.std,mixer.forget_gate.min,mixer.forget_gate.max,mixer.forget_gate.p01,mixer.forget_gate.p50,mixer.forget_gate.p99,mixer.forget_gate_log.mean,mixer.forget_gate_log.std,mixer.forget_gate_log.min,mixer.forget_gate_log.max,mixer.forget_gate_log.p01,mixer.forget_gate_log.p50,mixer.forget_gate_log.p99,mixer.forget_half_life_median,mixer.beta.mean,mixer.beta.std,mixer.beta.min,mixer.beta.max,mixer.beta.p01,mixer.beta.p50,mixer.beta.p99,mixer.state_norm_mean,mixer.state_norm_max,mixer.output_gate_mean,grad_norm.mixer,grad_norm.ffn,grad_norm.norm,grad_norm.total,update.mixer.ratio,update.mixer.w_norm,update.mixer.max_matrix_ratio,update.ffn.ratio,update.ffn.w_norm,update.ffn.max_matrix_ratio,update.norm.ratio,update.norm.w_norm,update.norm.max_matrix_ratio
40,0,kda,0.06448190659284592,0.43474894762039185,0.048642296344041824,0.02171863242983818,0.8623301386833191,0.15934817492961884,0.20558713376522064,0.9964832067489624,0.34310823678970337,0.9394415020942688,0.9958038330078125,-0.17106062173843384,0.23272879421710968,-1.5818853378295898,-0.0035229679197072983,-1.069709300994873,-0.06246979907155037,-0.0042050676420331,11.079520225524902,0.4943044185638428,0.08194103091955185,0.24508501589298248,0.804405927658081,0.3048688769340515,0.49342384934425354,0.6842640042304993,1.6314809322357178,2.1903295516967773,0.49997442960739136,0.020948625432930128,0.007783016237624497,0.00021032978460195533,0.0223487021525328,0.00029613195987347073,82.15186945478045,0.006887674066844452,0.00442742136209293,12.386666068200038,0.01138220791291123,8.133979096237473e-05,22.63807774559969,0.0
40,1,kda,0.10936278104782104,0.8463960886001587,0.04801841080188751,0.04521680995821953,0.8379886746406555,0.18469102680683136,0.19545835256576538,0.9957391023635864,0.29129117727279663,0.9234843254089355,0.9946720004081726,-0.21106171607971191,0.28792819380760193,-1.6324079036712646,-0.004270024131983519,-1.2334319353103638,-0.07960139960050583,-0.0053422534838318825,8.691070556640625,0.4844942092895508,0.08092724531888962,0.19682618975639343,0.7813306450843811,0.30047470331192017,0.4843800365924835,0.6680145263671875,1.6492891311645508,2.2544376850128174,0.4991305470466614,0.01394751945248352,0.008247686495670198,0.00016229859967392638,0.016204442978508173,0.0004074913220552129,80.78507919523807,0.009426576794111317,0.0041405992086174905,12.432796053173057,0.01123710745469277,0.00010523827096881783,22.66051711527511,0.0
40,2,kda,0.18559511005878448,1.1396161317825317,0.06710485368967056,0.05026165768504143,0.84930419921875,0.1605023741722107,0.28142696619033813,0.9940575957298279,0.3478289246559143,0.9187411069869995,0.992830216884613,-0.18652784824371338,0.23113980889320374,-1.2678823471069336,-0.005960158538073301,-1.056044578552246,-0.08475089818239212,-0.007195613346993923,8.196011543273926,0.4941849112510681,0.08728744834661484,0.19559408724308014,0.7759445905685425,0.3048688769340515,0.49340859055519104,0.6842640042304993,1.4958198070526123,1.9271957874298096,0.4992668032646179,0.01428718015707448,0.005703890799788053,0.00012274992282842008,0.015384178711915822,0.0003175492272920121,80.70388381299207,0.00785518476478064,0.003828047230784577,12.416492650052422,0.01106775820830699,7.81722784339089e-05,22.648545315911626,0.0
40,3,softmax,0.7517200112342834,2.4892477989196777,0.5327185392379761,0.08874455839395523,,,,,,,,,,,,,,,,,,,,,,,,,,0.03126122325716908,0.008516982829810628,0.0001306688077460807,0.03240092823354257,0.006607344316725155,9.111269740868213,0.019933831260880778,0.0040144273180601426,12.3826919383365,0.012517491339723808,8.56065237539389e-05,22.64124416016639,0.0
40,4,kda,0.9801182150840759,2.9355368614196777,0.1476060450077057,0.11028005927801132,0.8157402873039246,0.19476796686649323,0.2512989342212677,0.9908329844474792,0.2690555453300476,0.9037205576896667,0.9899311065673828,-0.24288120865821838,0.3052245080471039,-1.3811120986938477,-0.009209264069795609,-1.3128374814987183,-0.10123512148857117,-0.010119947604835033,6.735947132110596,0.41651469469070435,0.10282488167285919,0.2568320035934448,0.5851011276245117,0.270480215549469,0.4085174798965454,0.5736784338951111,1.9007751941680908,2.2996826171875,0.4955211877822876,0.02609702964149257,0.009121179314091581,8.671978066445691e-05,0.027645223611125168,0.00027009282938347866,80.04539147571664,0.010468910979360552,0.004937385270841115,12.400292248264632,0.014685530055190979,7.059047885255231e-05,22.632600599839332,0.0
40,5,kda,1.2355808019638062,3.4199118614196777,0.15019084513187408,0.1369660496711731,0.8788501024246216,0.16605913639068604,0.25312989950180054,0.9983296990394592,0.27639248967170715,0.9568096399307251,0.9979726076126099,-0.1553034782409668,0.2538648843765259,-1.3738524913787842,-0.0016717403195798397,-1.2859333753585815,-0.044150855392217636,-0.0020294152200222015,15.611106872558594,0.3689490556716919,0.05412793159484863,0.27747300267219543,0.4780414402484894,0.29746994376182556,0.35625094175338745,0.4615021347999573,2.826591730117798,3.5580577850341797,0.49650707840919495,0.02711307712008101,0.011210047712804755,0.00010112030646234447,0.029339296957480054,0.0002612388318973558,79.2002831631186,0.00913315943469842,0.005196217799841643,12.390857873863,0.016730121909651386,8.786332952496524e-05,22.62339219380745,0.0
40,6,kda,1.58799409866333,4.105458736419678,0.20621193945407867,0.18422256410121918,0.8660158514976501,0.15699563920497894,0.3468967378139496,0.9961563348770142,0.386701375246048,0.9359871745109558,0.9955713152885437,-0.16556450724601746,0.22421379387378693,-1.0587280988693237,-0.0038511098828166723,-0.9501025080680847,-0.06615345180034637,-0.0044385213404893875,10.432233810424805,0.4314512312412262,0.08598543703556061,0.328529417514801,0.5893619060516357,0.3354596793651581,0.40597814321517944,0.5798763036727905,2.3667068481445312,2.8852686882019043,0.5021361112594604,0.027542166655383483,0.014505765434157294,9.390212886834618e-05,0.031128716525316562,0.0003021180130288184,80.22576920861431,0.012216344492038782,0.00602786696505279,12.37986148775137,0.018774862332187833,0.00010411793043409039,22.61867395399383,0.0
40,7,softmax,2.760540008544922,5.857411861419678,1.0481810569763184,0.20596568286418915,,,,,,,,,,,,,,,,,,,,,,,,,,0.06503351939778898,0.01744202978255596,0.00021260215723168735,0.06733222295361578,0.0048185804569050375,9.13778003712163,0.026203783693800768,0.00609798037975483,12.373286280283988,0.019111808854023478,0.00013477535963197438,22.639276518823223,0.0
40,8,kda,3.2344069480895996,6.574208736419678,0.22824786603450775,0.2764911353588104,0.8982828259468079,0.13090401887893677,0.40246206521987915,0.9988521337509155,0.471803218126297,0.9564694166183472,0.9986174702644348,-0.12044964730739594,0.17184950411319733,-0.9101544618606567,-0.0011485626455396414,-0.7511933445930481,-0.04450653865933418,-0.0013835158897563815,15.574052810668945,0.471345454454422,0.05030453950166702,0.4016878008842468,0.543832540512085,0.4063906967639923,0.4726186990737915,0.5399537086486816,3.0853400230407715,3.6271214485168457,0.5013298988342285,0.02836355070213843,0.020045240084948825,7.352718901381572e-05,0.034731945881904466,0.0003068124168157785,81.07697315317932,0.012655375836031577,0.00650101324600891,12.381432817182565,0.020976515044345473,8.146183456423472e-05,22.613089221553142,0.0
40,9,kda,3.7433671951293945,7.362294673919678,0.18834036588668823,0.35838404297828674,0.8281310796737671,0.18159402906894684,0.2553984224796295,0.9948256611824036,0.3164626359939575,0.9044122695922852,0.9938467741012573,-0.22137907147407532,0.27871963381767273,-1.364930510520935,-0.005187831353396177,-1.150550127029419,-0.10046996176242828,-0.006172276567667723,6.761783599853516,0.4144594073295593,0.06595759093761444,0.3363310694694519,0.5086051225662231,0.33895185589790344,0.40295588970184326,0.5051572918891907,2.4872817993164062,2.861455202102661,0.49594712257385254,0.027521740701284995,0.03072842345764637,0.00011470306040415562,0.041251610589324444,0.0003814845775768003,79.2771714980068,0.013240445124650049,0.007029827865423712,12.377141664220146,0.021605430680218817,8.921091147282458e-05,22.612832743148225,0.0
40,10,kda,4.3102030754089355,8.241201400756836,0.25720685720443726,0.3491690754890442,0.8259557485580444,0.19279609620571136,0.23380446434020996,0.9955110549926758,0.2920822203159332,0.9181002974510193,0.994946300983429,-0.2283361554145813,0.2959881126880646,-1.4532701969146729,-0.0044991145841777325,-1.2307199239730835,-0.08544862270355225,-0.005066469311714172,8.088629722595215,0.3268047571182251,0.037948425859212875,0.2628418207168579,0.38722676038742065,0.2658804655075073,0.330260306596756,0.3830641508102417,2.4359850883483887,3.068131446838379,0.5012450814247131,0.027947591243808998,0.024848207810525106,0.00010425113495215869,0.03739668643108918,0.0003655232145319333,77.82943835547928,0.014189549750849203,0.007104372820463052,12.386338089414116,0.02237339232930954,9.06880866751798e-05,22.606985308001804,0.0
40,11,softmax,6.014703750610352,10.76705551147461,1.376143455505371,0.4422147870063782,,,,,,,,,,,,,,,,,,,,,,,,,,0.07937076600801662,0.03167358376502749,0.00026506328712898265,0.08545761910892279,0.005091483922119289,9.208150319582595,0.026639080862114972,0.007085950836630465,12.385610572149197,0.02219737549092481,0.0001271668679142373,22.662215841299204,0.0
50,0,kda,0.07683723419904709,0.510033369064331,0.05368443578481674,0.034540947526693344,0.8623855710029602,0.15926483273506165,0.2047966569662094,0.9964613318443298,0.34571412205696106,0.9394238591194153,0.995797336101532,-0.17094692587852478,0.23239430785179138,-1.585737705230713,-0.003544918028637767,-1.062143087387085,-0.06248850375413895,-0.004211519844830036,11.080618858337402,0.4959208369255066,0.08048517256975174,0.24798744916915894,0.7994422912597656,0.31742626428604126,0.4938357472419739,0.6825737357139587,1.682663917541504,2.2472879886627197,0.49996429681777954,0.22320535355669932,0.0939241220899802,0.002839085935626489,0.2421785105571808,0.000241134438407902,82.15280507248032,0.005496955401311444,0.0021900091745011654,12.401477908388406,0.0061314185269512895,5.0389210539411705e-05,22.641787712545916,0.0
50,1,kda,0.20061779022216797,1.273627519607544,0.062119010835886,0.12218467146158218,0.8380037546157837,0.18467183411121368,0.19985246658325195,0.9956969618797302,0.29409945011138916,0.9235379099845886,0.9947283267974854,-0.21101641654968262,0.28776049613952637,-1.6101758480072021,-0.004312335047870874,-1.2238372564315796,-0.07954346388578415,-0.0052856155671179295,8.698465347290039,0.4928657114505768,0.08646196126937866,0.18359363079071045,0.8019358515739441,0.2901756167411804,0.4911508560180664,0.6774740219116211,1.7960684299468994,2.369535446166992,0.49924027919769287,0.1590992633443679,0.0732386907235942,0.001786580796438369,0.1751561397341498,0.00023032238255366624,80.78504130727417,0.005724664430560978,0.0027795833355493084,12.454593506087773,0.006906598101340016,7.20760472345795e-05,22.667688382558545,0.0
50,2,kda,0.25768908858299255,1.489066481590271,0.06143656000494957,0.05577908828854561,0.8493044376373291,0.16088683903217316,0.2784101665019989,0.9940685629844666,0.34793621301651,0.9196000099182129,0.9928154945373535,-0.18668754398822784,0.23206780850887299,-1.2786598205566406,-0.005949064157903194,-1.0557360649108887,-0.08381644636392593,-0.007210366893559694,8.286097526550293,0.5111333727836609,0.09015872329473495,0.23091977834701538,0.7520125508308411,0.3250918686389923,0.5193994641304016,0.6851073503494263,1.7419896125793457,2.0246846675872803,0.4994405508041382,0.10484121274162041,0.03072852289290758,0.0018883226139017305,0.10926796314843536,0.00024055374070919178,80.7041768850113,0.005453839177009374,0.003090438506933346,12.428489734496223,0.007153124433223999,5.886781669113594e-05,22.649138276511025,0.0
50,3,softmax,0.47946715354919434,2.3816447257995605,0.2592099905014038,0.07019145786762238,,,,,,,,,,,,,,,,,,,,,,,,,,0.028999866579006193,0.009951643214478695,0.001099676498084999,0.030679582015876304,0.003192034685044168,9.124173102889312,0.005634213988835135,0.00202744939416969,12.394304847047406,0.005244687898204028,5.575530373593786e-05,22.641586877695964,0.0
50,4,kda,0.6453918814659119,2.9089884757995605,0.12282291799783707,0.10512740164995193,0.8162809610366821,0.19347819685935974,0.20321352779865265,0.9920074939727783,0.2705034017562866,0.9026837944984436,0.9897885918617249,-0.2415360063314438,0.30243155360221863,-1.5934979915618896,-0.008024632930755615,-1.3074705600738525,-0.10238296538591385,-0.01026391051709652,6.752479076385498,0.47690820693969727,0.09454798698425293,0.23792988061904907,0.7416740655899048,0.28937169909477234,0.47816330194473267,0.6706082820892334,1.6795626878738403,2.250525712966919,0.4977204501628876,0.03592703332875175,0.012732317009063857,0.0003725999557150917,0.03811826925440785,0.00014615296564322777,80.04555309313817,0.00426693221022772,0.002132262314224348,12.41650141735245,0.005930041314680864,3.780513097578533e-05,22.634768526843928,0.0
50,5,kda,0.8234736919403076,3.3523478507995605,0.1289902776479721,0.10685474425554276,0.8789076805114746,0.16617392003536224,0.21172161400318146,0.9985284209251404,0.2780683934688568,0.9566749930381775,0.9980073571205139,-0.15525642037391663,0.25389012694358826,-1.5524829626083374,-0.0014727276284247637,-1.2798881530761719,-0.04429156333208084,-0.0019946417305618525,15.644233703613281,0.40673238039016724,0.09834703058004379,0.1980641782283783,0.735641598701477,0.26435837149620056,0.42155182361602783,0.6557770371437073,2.295154333114624,3.38187837600708,0.49755436182022095,0.03866073046413618,0.014816450390819792,0.00023760169734461694,0.041403330020311074,0.00013561036093320488,79.20005149097595,0.003768828481946382,0.002186920775504689,12.401959676897752,0.006303699393133368,4.2502567350731595e-05,22.620845948577863,0.0
50,6,kda,1.0811153650283813,4.0320353507995605,0.17309759557247162,0.15646396577358246,0.865668773651123,0.15737098455429077,0.3129536211490631,0.9962788224220276,0.39063459634780884,0.9347528219223022,0.9955371618270874,-0.1660609096288681,0.22461506724357605,-1.1617002487182617,-0.0037281380500644445,-0.9399826526641846,-0.06747312843799591,-0.004472813103348017,10.271272659301758,0.44773632287979126,0.0951453447341919,0.24508501589298248,0.7025300860404968,0.3007456064224243,0.4532618522644043,0.6150878667831421,2.026597261428833,2.9570608139038086,0.5003297328948975,0.03796798753206851,0.020920613996275098,0.00022579071735024666,0.0433507917882072,0.00017648912376404876,80.22601498862964,0.00484683767894191,0.002299029061774575,12.392758809326642,0.006818935080258664,4.308399286849948e-05,22.6148563588294,0.0
50,7,softmax,1.934021234512329,6.0320353507995605,0.7681493759155273,0.17493268847465515,,,,,,,,,,,,,,,,,,,,,,,,,,0.08506494227495494,0.025730175822360923,0.0007467457850469455,0.08887431564495171,0.0026457419515464185,9.135457914453449,0.008682369011672762,0.0022767166354921444,12.384752083160574,0.0069198083562398,6.528193156321273e-05,22.627454534252184,0.0
50,8,kda,2.3873677253723145,7.0418009757995605,0.22658319771289825,0.2811349034309387,0.8985059261322021,0.13057520985603333,0.39646676182746887,0.9988622665405273,0.47465333342552185,0.9567618370056152,0.9986063241958618,-0.12012068927288055,0.17129099369049072,-0.9251630902290344,-0.0011384054087102413,-0.7451705932617188,-0.04420074075460434,-0.0013947185361757874,15.689430236816406,0.487867534160614,0.04321438446640968,0.36296918988227844,0.6976089477539062,0.41063806414604187,0.4990444779396057,0.5746335387229919,2.6298279762268066,3.5913240909576416,0.5008430480957031,0.04354130257717231,0.035149777477348265,0.00021911514315286652,0.055958912590131075,0.00013934991858353236,81.07738008044826,0.005231122852588455,0.0023467779821289662,12.400491362357833,0.007618730558757601,3.4293234011601626e-05,22.61312109752799,0.0
50,9,kda,2.881425142288208,8.176567077636719,0.18601633608341217,0.3578411936759949,0.8280179500579834,0.18204233050346375,0.23845236003398895,0.9950474500656128,0.3205450475215912,0.9005622863769531,0.9935999512672424,-0.22181792557239532,0.2803470492362976,-1.4335857629776,-0.004964892752468586,-1.1377325057983398,-0.10473591089248657,-0.006420617923140526,6.614828586578369,0.4088307023048401,0.06747817993164062,0.2735744118690491,0.5884161591529846,0.31573596596717834,0.4246514141559601,0.5219584703445435,2.2330493927001953,2.6780171394348145,0.4958640933036804,0.04086714901656798,0.04842119156254981,0.00030296228905579757,0.06336266603630333,0.00020930719433188248,79.27790352540858,0.005439591465525883,0.0024514592717575917,12.401135561080391,0.007735827671807922,3.8253113450678046e-05,22.614058866963823,0.0
50,10,kda,3.4240753650665283,9.164848327636719,0.2628323435783386,0.3302227854728699,0.8260507583618164,0.19259870052337646,0.23254916071891785,0.9958912134170532,0.28787359595298767,0.916727602481842,0.9949248433113098,-0.22815218567848206,0.2957611382007599,-1.4586536884307861,-0.004117279313504696,-1.2452337741851807,-0.08694493025541306,-0.005088080186396837,7.969661712646484,0.3295750021934509,0.040926698595285416,0.2568320035934448,0.43494126200675964,0.2613309323787689,0.32552069425582886,0.39606815576553345,2.1625263690948486,3.035168170928955,0.501421332359314,0.04368929522189132,0.04092319635519436,0.0003674065912111165,0.059863156486395154,0.0001485001976749742,77.83000161293225,0.005808036291887695,0.002470584316240831,12.406088592403854,0.007817208882615093,3.3995139705736165e-05,22.604515799678804,0.0
50,11,softmax,5.1009440422058105,12.05525016784668,1.3585419654846191,0.43524181842803955,,,,,,,,,,,,,,,,,,,,,,,,,,0.1193201119364337,0.04900607239138566,0.0003463097513549805,0.1289922640091129,0.001799499919323936,9.226042278545805,0.008928314933197694,0.0024608323850646863,12.40671633981233,0.00785684023459903,4.086720255310753e-05,22.6664774484852,0.0
59,0,kda,0.07738570123910904,0.5229776501655579,0.05395299568772316,0.03539453074336052,0.8624240756034851,0.15921390056610107,0.20532190799713135,0.9964683055877686,0.34631669521331787,0.9394197463989258,0.9957947134971619,-0.17088152468204498,0.2322758585214615,-1.5831762552261353,-0.003537931479513645,-1.0604015588760376,-0.06249287724494934,-0.004214185755699873,11.077588081359863,0.49521175026893616,0.08127529174089432,0.2465333193540573,0.8006919622421265,0.3123700022697449,0.49261531233787537,0.6825737357139587,1.691152572631836,2.2707126140594482,0.499972939491272,0.36835422063636114,0.13655060975285377,0.00413614672966497,0.3928714911956154,2.6865580440894257e-05,82.15294727784946,0.000706534456895159,0.00021350441954385115,12.403628477810773,0.0006436400218484793,3.5393798926568493e-06,22.642456494661197,0.0
59,1,kda,0.2054378241300583,1.2980852127075195,0.06365087628364563,0.12854528427124023,0.8380472660064697,0.18461021780967712,0.20130226016044617,0.9956982135772705,0.2942754626274109,0.923633337020874,0.9947271347045898,-0.21092131733894348,0.2875300943851471,-1.60294771194458,-0.004311070777475834,-1.2232390642166138,-0.07944012433290482,-0.005286783911287785,8.709418296813965,0.49056878685951233,0.08768048137426376,0.18359363079071045,0.8128673434257507,0.28776782751083374,0.4882529377937317,0.6791787147521973,1.8054887056350708,2.3639118671417236,0.4992767572402954,0.29501603179315194,0.12087659861880538,0.0029056983986156634,0.3188323292763981,2.4823671859100197e-05,80.78496734625271,0.000661061405550401,0.0001975226403438108,12.457924005046609,0.0006270441777239042,3.2462464244225714e-06,22.669069962738202,0.0
59,2,kda,0.25055453181266785,1.5486955642700195,0.0579511895775795,0.05368039757013321,0.8492615818977356,0.16101719439029694,0.2800195813179016,0.9939961433410645,0.34821757674217224,0.9197057485580444,0.9927547574043274,-0.1867905557155609,0.2323618084192276,-1.2728956937789917,-0.006021945737302303,-1.0549277067184448,-0.0837014839053154,-0.007271656300872564,8.295429229736328,0.49965518712997437,0.0914364755153656,0.19436779618263245,0.7416740655899048,0.3106943964958191,0.5065914392471313,0.6774740219116211,1.7354071140289307,2.067612648010254,0.49946051836013794,0.24831305828706587,0.08053265913911739,0.0035348457963403188,0.26106968272608166,2.3580485695035732e-05,80.70387031666833,0.0006897445767647878,0.00019235200806968532,12.430538853935808,0.0006533437358820571,2.8706577230078613e-06,22.649197976436824,0.0
59,3,softmax,0.3394927382469177,1.9194568395614624,0.16136705875396729,0.0759885162115097,,,,,,,,,,,,,,,,,,,,,,,,,,0.17640401055236646,0.08212815104808431,0.0034288375818803444,0.194615428629642,0.0002018444073060191,9.121144178218524,0.0008193308670886489,0.00023827101950424332,12.39869382604281,0.0007310279147918369,3.6587999609022484e-06,22.641161248992795,0.0
59,4,kda,0.46329453587532043,2.3767642974853516,0.12528635561466217,0.1254858374595642,0.8164931535720825,0.1928429901599884,0.19954383373260498,0.9919865727424622,0.2743702530860901,0.9020646810531616,0.9897942543029785,-0.2409757822751999,0.3012823760509491,-1.611721396446228,-0.008045732975006104,-1.2932767868041992,-0.10306902974843979,-0.010258270427584648,6.710559844970703,0.5136507749557495,0.10525234043598175,0.24944725632667542,0.7853085398674011,0.29421496391296387,0.5081779956817627,0.7310585379600525,1.740028977394104,2.099513292312622,0.49951282143592834,0.21053453136722486,0.11853203671876118,0.0015749478013742436,0.24161356147222324,2.4702052517358113e-05,80.04535725960376,0.0007318948862008764,0.0002444641113922708,12.423253110501703,0.0007612852124052734,4.201041753895416e-06,22.636422560245677,0.0
59,5,kda,0.6127520203590393,2.8123111724853516,0.11378321051597595,0.12734061479568481,0.878779411315918,0.1666032373905182,0.21159639954566956,0.9985418915748596,0.277761846780777,0.9563676714897156,0.9981054067611694,-0.15560179948806763,0.2550182342529297,-1.553074598312378,-0.001459189341403544,-1.2809911966323853,-0.04461285471916199,-0.0018963742768391967,15.532201766967773,0.46170148253440857,0.11590661108493805,0.2240554392337799,0.7325918078422546,0.2735744118690491,0.4588336646556854,0.6808785796165466,2.236889362335205,3.3374037742614746,0.49902087450027466,0.18360897010953103,0.11091779475219563,0.0015607148301492047,0.214516775400326,2.4828604551607973e-05,79.19976326163963,0.000736208827188515,0.00025796615001127867,12.40954798944071,0.0007708923841364485,4.470578963840178e-06,22.622926543697254,0.0
59,6,kda,0.8113596439361572,3.4491138458251953,0.11236976087093353,0.14679864048957825,0.8653923273086548,0.15786749124526978,0.3170267343521118,0.9962626099586487,0.38994866609573364,0.9348960518836975,0.9954618215560913,-0.16654376685619354,0.22547826170921326,-1.1487692594528198,-0.0037443966139107943,-0.9417401552200317,-0.06731998175382614,-0.004548478405922651,10.291925430297852,0.46449363231658936,0.08430277556180954,0.2751297354698181,0.6522414088249207,0.3007456064224243,0.482063353061676,0.6048657894134521,1.8501923084259033,2.890275716781616,0.5002778768539429,0.17598348441417935,0.14167359023290454,0.003771181492734815,0.22595533798936415,2.8031873632617346e-05,80.22530824432536,0.0007955703089503469,0.00025513779797916913,12.401077122870776,0.0007692150706660661,4.432051227813256e-06,22.61682458562896,0.0
59,7,softmax,1.4963411092758179,5.335832595825195,0.5993757843971252,0.14762449264526367,,,,,,,,,,,,,,,,,,,,,,,,,,0.12613116752568793,0.06395303654991355,0.0020718361765725032,0.14143321678619308,0.00023131893917734098,9.125002862769705,0.0006900898593979215,0.00030084586627477007,12.392935403894832,0.0008331820135448689,4.850020055496917e-06,22.626259769031492,0.0
59,8,kda,1.8546634912490845,6.474367141723633,0.15989939868450165,0.22638608515262604,0.8986204862594604,0.13040155172348022,0.400495320558548,0.998880922794342,0.4753480553627014,0.9567849636077881,0.9986097812652588,-0.11995832622051239,0.171070396900177,-0.9150531888008118,-0.001119722961448133,-0.7437080144882202,-0.0441766157746315,-0.0013912339927628636,15.716085433959961,0.5288715362548828,0.07020207494497299,0.3225259780883789,0.7272012233734131,0.4063906967639923,0.5192775726318359,0.6876299977302551,2.168321371078491,3.560863494873047,0.5003711581230164,0.24513695497944304,0.05246476274171242,0.0038985883615873518,0.25071872091519365,3.0743390446228626e-05,81.07701435677204,0.0008198672255153669,0.0002818385903625172,12.412286297692399,0.0007818768893822413,5.295351026448452e-06,22.615910753038925,0.0
59,9,kda,2.2331411838531494,7.677492141723633,0.1293422430753708,0.2806873321533203,0.8278263807296753,0.18212002515792847,0.23716847598552704,0.9950363636016846,0.31066617369651794,0.8995800614356995,0.9935791492462158,-0.2220306694507599,0.28007951378822327,-1.4389845132827759,-0.0049760532565414906,-1.1690363883972168,-0.1058272272348404,-0.00644155265763402,6.546614170074463,0.44949576258659363,0.08686034381389618,0.3048688769340515,0.7138307690620422,0.3225259780883789,0.45592519640922546,0.6671476364135742,1.7216126918792725,2.583385705947876,0.49781572818756104,0.23832084179292193,0.04184910388618823,0.004584776093258781,0.24201072559039447,3.0472097802055915e-05,79.27759398025167,0.0006754574123707056,0.00023173791833545814,12.41452134756917,0.000662706863224811,4.956256403221958e-06,22.61702074924404,0.0
59,10,kda,2.669196605682373,8.843507766723633,0.21733732521533966,0.2803172469139099,0.8259644508361816,0.19290105998516083,0.22605431079864502,0.9963480234146118,0.2858054041862488,0.916817307472229,0.994916558265686,-0.22853001952171326,0.2972014844417572,-1.4869799613952637,-0.0036586408969014883,-1.2524440288543701,-0.08684702217578888,-0.005096394568681717,7.977362155914307,0.37267768383026123,0.08244495093822479,0.2186693549156189,0.6460136771202087,0.2583259642124176,0.36116471886634827,0.5909349918365479,1.6932508945465088,2.9676365852355957,0.5014365911483765,0.12713881442073144,0.036183999659664824,0.002178912369190855,0.1322055506504641,3.10997191080881e-05,77.82982841320158,0.0006273423998111046,0.00021282488752920014,12.420576202819202,0.000583762083868164,4.42136045752989e-06,22.607592252131578,0.0
59,11,softmax,4.092722415924072,11.975168228149414,1.2084006071090698,0.4230552017688751,,,,,,,,,,,,,,,,,,,,,,,,,,0.138905736700061,0.06382174294171669,0.002413159231139367,0.15288506106804575,0.00021284207238920838,9.224452457290347,0.0005722349289448252,0.00018441480425330137,12.421186832065901,0.0005751025252801788,3.6958066937911265e-06,22.668879041246107,0.0
