step,time,tokens_seen,data_index,data_batch,data_epoch,lr,lr_frac,lr_scale,loss,valid_tokens,aux_loss,loss_by_source.books,loss_by_source.code,loss_by_row_type.long,long_token_frac,mean_segment_len,loss_nonfinite,grad_nonfinite,grad_norm,grad_clipped,skipped,spike,step_time,data_time,tokens_per_sec,tokens_per_sec_per_gpu,peak_mem_gb,peak_mem_reserved_gb,loss_ema,segment,loss_by_source.finepdfs_edu,loss_by_source.fineweb_edu
40,1790385351.31073,688128,0,0,0,0.0006,1.0,1.0,9.002964982066544,32760,0.0,8.02791752518315,9.978012200473138,9.002964862828144,1.0,4096.0,0,0,0.8462169170379639,0,0,0,1.3026273988652974,0.20456024003215134,25155.313045421735,25155.313045421735,6.7475199699401855,8.109375,9.002964982066544,0,,
41,1790385352.045893,720896,1,1,0,0.0004658359213500126,0.7763932022500211,1.0,8.472848831773918,32758,0.0,7.840568450245756,9.10505117712149,8.472848414414036,0.860321044921875,3276.8,0,0,1.5408984422683716,1,0,0,0.40454242192208767,2.1570129320025444e-05,81000.15776914223,81000.15776914223,6.747528076171875,8.109375,8.992362659060692,0,,
42,1790385352.6491652,753664,2,2,0,0.00041026334038989716,0.683772233983162,1.0,8.401484041132479,32760,0.0,7.603974215888279,9.19899410485348,8.40148416037088,1.0,4096.0,0,0,0.8896055817604065,0,0,0,0.6012410819530487,1.7276033759117126e-05,54500.600480522175,54500.600480522175,6.747523784637451,8.109375,8.980545086702127,0,,
43,1790385353.0551639,786432,3,3,0,0.00036762099922755495,0.6127016653792583,1.0,8.026698312538157,32760,0.0,8.026698610634158,,8.026698610634158,1.0,4096.0,0,0,0.7590519189834595,0,0,0,0.4034985778853297,1.762108877301216e-05,81209.70381539322,81209.70381539322,6.747523784637451,8.109375,8.961468151218847,0,,
44,1790385353.4603796,819200,4,4,0,0.00033167184270002523,0.5527864045000421,1.0,7.736485996642247,32760,0.0,7.697109184218559,,7.736486056261447,1.0,4096.0,0,0,0.6174623370170593,0,0,0,0.4031808350700885,1.768488436937332e-05,81273.70437710326,81273.70437710326,6.747523784637451,8.109375,8.936968508127315,0,7.775862928304335,
45,1790385353.8674054,851968,5,5,0,0.0003,0.5,1.0,9.406099993513234,32759,0.0,,10.615889232295482,9.406099874271193,0.9356689453125,3640.8888888888887,0,0,1.0048747062683105,1,0,0,0.40446562180295587,1.6698846593499184e-05,81015.53811652165,81015.53811652165,6.747528076171875,8.109375,8.946351137835032,0,,8.196236654023444
46,1790385354.2721324,884736,6,6,0,0.00027136646549690035,0.4522774424948339,1.0,7.8637846474858035,32754,0.0,7.647349965843866,,7.863784826376167,0.615631103515625,2340.5714285714284,0,0,0.4952943027019501,0,0,0,0.40255792206153274,2.0707957446575165e-05,81399.46627355472,81399.46627355472,6.747528076171875,8.109375,8.924699808028048,0,,8.08021968690847
47,1790385354.6779075,917504,7,7,0,0.00024503521301402303,0.4083920216900384,1.0,8.071858664339134,32760,0.0,8.533913070436508,,8.071858843196734,1.0,4096.0,0,0,0.6496667861938477,0,0,0,0.40329598309472203,1.7873011529445648e-05,81250.4993195129,81250.4993195129,6.747523784637451,8.109375,8.90764298515427,0,7.60980461595696,
48,1790385355.0846055,950272,8,8,0,0.00022052668077979446,0.3675444679663241,1.0,7.854053509424603,32760,0.0,7.854053509424603,,7.854053509424603,1.0,4096.0,0,0,0.82315593957901,0,0,0,0.40456458809785545,1.809815876185894e-05,80995.71975408318,80995.71975408318,6.747523784637451,8.109375,8.886571195639677,0,,
49,1790385355.4913902,983040,9,9,0,0.00019750776405003784,0.3291796067500631,1.0,8.020218084152447,32759,0.0,7.735358120612027,,8.020218084152447,0.996826171875,3640.8888888888887,0,0,0.6382073760032654,0,0,0,0.4043761680368334,1.661386340856552e-05,81033.4599071013,81033.4599071013,6.747523784637451,8.109375,8.869244133409932,0,,8.305095439472801
50,1790385356.4711003,1015808,10,10,0,0.00017573593128807145,0.2928932188134524,1.0,9.077816640083642,32759,0.0,,9.865005914224664,9.07781628235752,0.930450439453125,3640.8888888888887,0,0,1.027469277381897,1,0,0,0.41268946696072817,2.2422056645154953e-05,79401.1057304698,79401.1057304698,6.747523784637451,8.109375,8.873415583543407,0,,8.290578589581171
51,1790385357.0998132,1048576,11,11,0,0.00015502809077426019,0.2583801512904337,1.0,11.063715397016178,32760,0.0,,14.530230273199024,11.063715337396978,1.0,4096.0,0,0,9.858819007873535,1,0,1,0.4279036538209766,1.8372898921370506e-05,76577.98597277052,76577.98597277052,6.747523784637451,8.109375,8.873415583543407,0,7.597200401594933,
52,1790385357.5476615,1081344,12,12,0,0.00013524199845510993,0.2254033307585166,1.0,8.661942962572885,32757,0.0,7.714925562526714,9.60878691620879,8.661942962572885,0.872528076171875,2978.909090909091,0,0,0.8136757612228394,0,0,0,0.4439555669669062,3.4180935472249985e-05,73809.18821194246,73809.18821194246,6.747523784637451,8.109375,8.869186131123996,0,,
53,1790385357.9679942,1114112,13,13,0,0.00011626453510208697,0.19377422517014498,1.0,9.003742530678592,32759,0.0,,9.968755723443223,9.003742471057572,0.986785888671875,3640.8888888888887,0,0,1.737176775932312,1,0,0,0.4176943530328572,1.6873003914952278e-05,78449.70793134559,78449.70793134559,6.747528076171875,8.109375,8.871877259115088,0,,8.038670300957017
54,1790385358.386576,1146880,14,14,0,9.800398407955465e-05,0.16333997346592444,1.0,8.576559161324786,32760,0.0,,8.576559042086386,8.576559042086386,1.0,4096.0,0,0,2.1194562911987305,1,0,0,0.4163935990072787,1.6933074221014977e-05,78694.77359431553,78694.77359431553,6.747523784637451,8.109375,8.865970897159283,0,,
55,1790385358.800135,1179648,15,15,0,8.038475772933683e-05,0.1339745962155614,1.0,9.080293708028083,32760,0.0,8.107387892055861,10.053199881715507,9.080293886885684,1.0,4096.0,0,0,9.383834838867188,1,0,0,0.4110723549965769,1.8249964341521263e-05,79713.46066381152,79713.46066381152,6.747523784637451,8.109375,8.870257353376658,0,,
56,1790385359.2097087,1212416,16,16,0,6.334368540005048e-05,0.10557280900008414,1.0,8.85177712912088,32760,0.0,7.692049660409036,10.011504359355921,8.851777009882479,1.0,4096.0,0,0,8.66710376739502,1,0,0,0.40732534998096526,2.03039962798357e-05,80446.74853045921,80446.74853045921,6.747523784637451,8.109375,8.869887748891543,0,,
57,1790385359.622443,1245184,17,17,0,4.6827332562426745e-05,0.07804555427071125,1.0,8.005969143999756,32757,0.0,,,8.005969322873737,0.814788818359375,2978.909090909091,0,0,0.7291340827941895,0,0,0,0.41005288693122566,1.8018996343016624e-05,79911.64321566127,79911.64321566127,6.747528076171875,8.109375,8.852609376793707,0,7.967303549896209,8.044637456687324
58,1790385360.0326579,1277952,18,18,0,3.0790021169691734e-05,0.05131670194948623,1.0,7.840423248626373,32760,0.0,7.8404236063415755,,7.8404236063415755,1.0,4096.0,0,0,0.7250595688819885,0,0,0,0.40812370413914323,1.7842045053839684e-05,80289.3820370411,80289.3820370411,6.747523784637451,8.109375,8.83236565423036,0,,
59,1790385360.449676,1310720,19,19,0,1.5192339311462199e-05,0.025320565519103666,1.0,9.309879933909274,32758,0.0,,10.332128071581197,9.309880172400636,0.84136962890625,3276.8,0,0,1.7775036096572876,1,0,0,0.41447076201438904,1.6901874914765358e-05,79059.85898919066,79059.85898919066,6.747523784637451,8.109375,8.841915939823938,0,8.287507441384784,
