step,time,tokens_seen,data_index,data_batch,data_epoch,lr,lr_frac,lr_scale,loss,valid_tokens,aux_loss,loss_by_source.books,loss_by_source.code,loss_by_row_type.long,long_token_frac,mean_segment_len,loss_nonfinite,grad_nonfinite,grad_norm,grad_clipped,skipped,spike,step_time,data_time,tokens_per_sec,tokens_per_sec_per_gpu,peak_mem_gb,peak_mem_reserved_gb,sparse_phase,loss_ema,indexer_kl,indexer_kl_by_type.dsa,segment,loss_by_source.finepdfs_edu,loss_by_source.fineweb_edu
40,1790384930.0369864,688128,0,0,0,0.0006,1.0,1.0,8.98934871513154,32766,0.4445725679397583,8.045386223524385,9.933311206738692,8.98934871513154,1.0,16384.0,0,0,6.861861228942871,1,0,0,3.61116009298712,0.2108797689434141,9074.09230170535,9074.09230170535,11.228654861450195,11.51953125,1,8.98934871513154,0.03704771436362838,0.03704771436362838,0,,
41,1790384933.9846163,720896,1,1,0,0.0004658359213500126,0.7763932022500211,1.0,8.430394497390429,32764,0.29764384031295776,7.858927167907942,9.001792063419398,8.430394497390429,0.860321044921875,8192.0,0,0,4.536569595336914,1,0,0,2.6733311659190804,2.1938001736998558e-05,12257.366546181156,12257.366546181156,11.229875564575195,13.51953125,1,8.978169630776717,0.024803653126582503,0.024803653126582503,0,,
42,1790384936.658882,753664,2,2,0,0.00041026334038989716,0.683772233983162,1.0,8.40173669924617,32766,0.24362725019454956,7.6676237372581335,9.135849661234205,8.40173669924617,1.0,16384.0,0,0,1.8505589962005615,1,0,0,2.672113803913817,1.7669983208179474e-05,12262.950759060133,12262.950759060133,11.229875564575195,13.51953125,1,8.966640972146106,0.020302270480897278,0.020302270480897278,0,,
43,1790384939.3340623,786432,3,3,0,0.00036762099922755495,0.6127016653792583,1.0,8.069750989974363,32766,0.23179876804351807,8.069750989974363,,8.069750989974363,1.0,16384.0,0,0,1.3298388719558716,1,0,0,2.6724788499996066,1.8129125237464905e-05,12261.27570663649,12261.27570663649,11.229875564575195,13.51953125,1,8.948703172502672,0.019316563421549898,0.019316563421549898,0,,
44,1790384942.0086706,819200,4,4,0,0.00033167184270002523,0.5527864045000421,1.0,7.774227667399133,32766,0.24016019701957703,7.758354696941952,,7.774227667399133,1.0,16384.0,0,0,1.2827180624008179,1,0,0,2.672602526843548,1.8246937543153763e-05,12260.708306184362,12260.708306184362,11.229875564575195,13.51953125,1,8.925213662400601,0.02001334911134715,0.02001334911134715,0,7.790100637856314,
45,1790384944.6844687,851968,5,5,0,0.0003,0.5,1.0,9.398506409278193,32765,0.2420678734779358,,10.601107092718062,9.398506409278193,0.9356689453125,10922.666666666666,0,0,1.5798413753509521,1,0,0,2.6732701731380075,1.7597805708646774e-05,12257.646207728945,12257.646207728945,11.229875564575195,13.51953125,1,8.934679517338154,0.02017232288684075,0.02017232288684075,0,,8.195832315956538
46,1790384947.3611927,884736,6,6,0,0.00027136646549690035,0.4522774424948339,1.0,7.870978327228327,32760,0.19328510761260986,7.676668383699634,,7.870978327228327,0.615631103515625,4096.0,0,0,0.6735048294067383,0,0,0,2.6748476100619882,1.7337966710329056e-05,12250.417510416833,12250.417510416833,11.229875564575195,13.51953125,1,8.913405493535958,0.016107092805517215,0.016107092805517215,0,,8.065288270757021
47,1790384950.036454,917504,7,7,0,0.00024503521301402303,0.4083920216900384,1.0,8.07298223577794,32766,0.2274269163608551,8.548276986815601,,8.07298223577794,1.0,16384.0,0,0,1.1814064979553223,1,0,0,2.6727766229305416,1.6769859939813614e-05,12259.909683014148,12259.909683014148,11.229875564575195,13.51953125,1,8.896597028380798,0.018952243127084028,0.018952243127084028,0,7.5976874847402796,
48,1790384952.711017,950272,8,8,0,0.00022052668077979446,0.3675444679663241,1.0,7.904278634865409,32766,0.22577868402004242,7.904278634865409,,7.904278634865409,1.0,16384.0,0,0,1.3510167598724365,1,0,0,2.6727225929498672,1.767696812748909e-05,12260.157521186724,12260.157521186724,11.229875564575195,13.51953125,1,8.87675066051049,0.01881489083946993,0.01881489083946993,0,,
49,1790384955.3863552,983040,9,9,0,0.00019750776405003784,0.3291796067500631,1.0,8.030600965206775,32765,0.2215665876865387,7.783997703412074,,8.030600965206775,0.996826171875,10922.666666666666,0,0,1.0924835205078125,1,0,0,2.6726845200173557,1.6719801351428032e-05,12260.332169614696,12260.332169614696,11.229875564575195,13.51953125,1,8.859827666604415,0.01846388178334261,0.01846388178334261,0,,8.277219280307655
50,1790384958.6105733,1015808,10,10,0,0.00017573593128807145,0.2928932188134524,1.0,9.049451587059362,32765,0.18294216692447662,,9.834638039431118,9.049451587059362,0.930450439453125,10922.666666666666,0,0,1.4484694004058838,1,0,0,2.6768751621712,1.6866018995642662e-05,12241.138646683112,12241.138646683112,11.229875564575195,13.51953125,1,8.863620145013515,0.015245179975560555,0.015245179975560555,0,,8.264217204858992
51,1790384962.4165506,1048576,11,11,0,0.00015502809077426019,0.2583801512904337,1.0,9.447745471677958,32766,0.2253570556640625,,11.284445003967527,9.447745471677958,1.0,16384.0,0,0,1.0883327722549438,1,0,0,2.6732005630619824,1.3622920960187912e-05,12257.965396530639,12257.965396530639,11.229875564575195,13.51953125,1,8.875302651546804,0.018779755181943376,0.018779755181943376,0,7.61104593938839,
52,1790384965.0922704,1081344,12,12,0,0.00013524199845510993,0.2254033307585166,1.0,8.657521441870403,32763,0.21085557341575623,7.720900106837607,9.593971265946408,8.657521441870403,0.872528076171875,6553.6,0,0,1.7192354202270508,1,0,0,2.6738008349202573,1.7181970179080963e-05,12255.213466928722,12255.213466928722,11.229875564575195,13.51953125,1,8.870947027353276,0.01757129724137485,0.01757129724137485,0,,
53,1790384967.7681282,1114112,13,13,0,0.00011626453510208697,0.19377422517014498,1.0,8.966443804364413,32765,0.21803846955299377,,9.867637184886773,8.966443804364413,0.986785888671875,10922.666666666666,0,0,3.0887272357940674,1,0,0,2.6732218640390784,1.8104910850524902e-05,12257.867721644889,12257.867721644889,11.229875564575195,13.51953125,1,8.872856962893499,0.01816987219111373,0.01816987219111373,0,,8.065195412648029
54,1790384970.4435406,1146880,14,14,0,9.800398407955465e-05,0.16333997346592444,1.0,8.585489245712019,32766,0.15387190878391266,,8.585489245712019,8.585489245712019,1.0,16384.0,0,0,3.6224942207336426,1,0,0,2.6734172438737005,1.719500869512558e-05,12256.971886857496,12256.971886857496,11.229875564575195,13.51953125,1,8.86710960854987,0.012822659162338823,0.012822659162338823,0,,
55,1790384973.119852,1179648,15,15,0,8.038475772933683e-05,0.1339745962155614,1.0,9.08001625160227,32766,0.14898115396499634,8.161917078679119,9.998115424525423,9.08001625160227,1.0,16384.0,0,0,2.5813372135162354,1,0,0,2.6737379210535437,1.8276972696185112e-05,12255.501835830002,12255.501835830002,11.229875564575195,13.51953125,1,8.871367741410918,0.012415096590605875,0.012415096590605875,0,,
56,1790384975.7954597,1212416,16,16,0,6.334368540005048e-05,0.10557280900008414,1.0,8.847528211408166,32766,0.1534610390663147,7.728953984313008,9.966102438503327,8.847528211408166,1.0,16384.0,0,0,2.512233257293701,1,0,0,2.673679241910577,1.858500763773918e-05,12255.770806891707,12255.770806891707,11.229875564575195,13.51953125,1,8.870890950810862,0.012788419417726496,0.012788419417726496,0,,
57,1790384978.4730313,1245184,17,17,0,4.6827332562426745e-05,0.07804555427071125,1.0,8.07197572337698,32763,0.12233971059322357,,,8.07197572337698,0.814788818359375,6553.6,0,0,2.221143960952759,1,0,0,2.67473497800529,1.646392047405243e-05,12250.933370765973,12250.933370765973,11.229875564575195,13.51953125,1,8.854912646262184,0.010194976018586507,0.010194976018586507,0,8.054598797460628,8.08935371009096
58,1790384981.1487138,1277952,18,18,0,3.0790021169691734e-05,0.05131670194948623,1.0,7.9152580037233715,32766,0.1739140748977661,7.9152580037233715,,7.9152580037233715,1.0,16384.0,0,0,2.9258780479431152,1,0,0,2.6736540540587157,1.7523998394608498e-05,12255.886265561112,12255.886265561112,11.229875564575195,13.51953125,1,8.836119553411407,0.014492839225567877,0.014492839225567877,0,,
59,1790384983.830459,1310720,19,19,0,1.5192339311462199e-05,0.025320565519103666,1.0,9.283740824533025,32764,0.08285297453403473,,10.26471132423854,9.283740824533025,0.84136962890625,8192.0,0,0,11.321577072143555,1,0,0,2.6789462349843234,1.7896993085741997e-05,12231.675116164379,12231.675116164379,11.229875564575195,13.51953125,1,8.84507197883384,0.0069044144862952335,0.0069044144862952335,0,8.302650555521641,
